{"acc": [0.4861111111111111, 0.5300925925925926, 0.5763888888888888, 0.5416666666666666, 0.5763888888888888, 0.5671296296296297, 0.5648148148148148, 0.5902777777777778, 0.5625, 0.5879629629629629, 0.5601851851851852, 0.5833333333333334, 0.5694444444444444, 0.5833333333333334, 0.6018518518518519, 0.5787037037037037, 0.5902777777777778, 0.6018518518518519, 0.5763888888888888, 0.6064814814814815, 0.5625, 0.5925925925925926, 0.5810185185185185, 0.5949074074074074, 0.6087962962962963, 0.6111111111111112, 0.6180555555555556, 0.6134259259259259, 0.6273148148148148, 0.625, 0.6296296296296297, 0.6273148148148148, 0.6111111111111112, 0.6180555555555556, 0.6226851851851852, 0.6226851851851852, 0.6111111111111112, 0.6273148148148148, 0.6319444444444444, 0.6666666666666666, 0.6851851851851852, 0.7291666666666666, 0.7060185185185185, 0.7175925925925926, 0.7106481481481481, 0.6967592592592593, 0.6851851851851852, 0.6805555555555556, 0.6898148148148148, 0.6944444444444444, 0.7037037037037037, 0.7037037037037037, 0.6875, 0.6990740740740741, 0.7083333333333334, 0.6898148148148148, 0.6805555555555556, 0.6944444444444444, 0.6851851851851852, 0.7060185185185185, 0.7013888888888888, 0.6898148148148148, 0.7129629629629629, 0.7152777777777778, 0.6782407407407407, 0.6921296296296297, 0.7199074074074074, 0.7060185185185185, 0.7476851851851852, 0.7222222222222222, 0.7245370370370371, 0.7569444444444444, 0.7662037037037037, 0.7407407407407407, 0.7476851851851852, 0.7314814814814815, 0.75, 0.7222222222222222, 0.7592592592592593, 0.7407407407407407, 0.7476851851851852, 0.7476851851851852, 0.7569444444444444, 0.7199074074074074, 0.7453703703703703, 0.7615740740740741, 0.7546296296296297, 0.7777777777777778, 0.7685185185185185, 0.7916666666666666, 0.7685185185185185, 0.7777777777777778, 0.8194444444444444, 0.7523148148148148, 0.7685185185185185, 0.8287037037037037, 0.8379629629629629, 0.8449074074074074, 0.8703703703703703, 0.8541666666666666, 0.8819444444444444, 0.8981481481481481, 0.9236111111111112, 0.9259259259259259, 0.9236111111111112, 0.9490740740740741, 0.9606481481481481, 0.9652777777777778, 0.9722222222222222, 0.9837962962962963, 0.9722222222222222, 0.9861111111111112, 0.9722222222222222, 0.9699074074074074, 0.9837962962962963, 0.9976851851851852, 0.9930555555555556, 0.9907407407407407, 1.0], "loss": [0.6975880839206554, 0.6919489723664743, 0.6882716588400029, 0.6911567697922388, 0.6843717473524588, 0.6807769398998331, 0.6811626007159551, 0.6765723120835092, 0.6785543152579555, 0.6768266459306082, 0.6699883427332949, 0.6701582267328545, 0.6650266625263073, 0.6676345180582117, 0.663949633638064, 0.6601107826939335, 0.6558743152353499, 0.6502009486710584, 0.6447711305485831, 0.6439882729340483, 0.6349005666044023, 0.6311869698542135, 0.6234111661712328, 0.6141820028424263, 0.6148779074902888, 0.6068896463623753, 0.6028142836358812, 0.6008256084665105, 0.5906256239999224, 0.5847180111816636, 0.576575928264194, 0.5720560254046211, 0.5711336878162844, 0.5667871441002246, 0.5604108424374351, 0.5488113843042541, 0.5414139455943195, 0.5332324648344958, 0.5253232154581282, 0.5270152991568601, 0.5136678423387585, 0.5010739813248316, 0.5105471626200058, 0.4989261696184123, 0.4815371073782444, 0.4888988460793539, 0.4722251581131584, 0.4769188464032831, 0.4613312946425544, 0.4537315161691772, 0.44339392078971424, 0.43347705280434135, 0.4325673334231531, 0.42414525406504117, 0.41712405242853695, 0.41734193406861136, 0.41025047276720955, 0.4119433579121337, 0.40536562346473887, 0.39304492508785593, 0.39451611366260936, 0.3923392370601909, 0.39398600235236464, 0.37977064842427216, 0.4003508835686026, 0.4028553605010664, 0.3824158607016283, 0.36924257276027844, 0.3680979941316225, 0.3632351035118551, 0.36075802452655303, 0.3632683485953344, 0.3594404768772182, 0.35534517444601216, 0.3498964734392724, 0.3565830981479613, 0.3475755662894463, 0.3417688167494446, 0.34322469438322717, 0.34884002774816947, 0.34012386407239653, 0.3368687018562384, 0.3337160849305629, 0.3303597722788928, 0.3263214985498861, 0.328096354393185, 0.32523548484702286, 0.3162080023299765, 0.3094744588123393, 0.31215959447392916, 0.3036698184528009, 0.2984628400693139, 0.2880113332912852, 0.39784773390662653, 0.31139894236198246, 0.2773975435195974, 0.2681311570987519, 0.26270555006232355, 0.25957994621421676, 0.2578696586637374, 0.24641807606935295, 0.23462392262579804, 0.22349728216822431, 0.20976784107322735, 0.20619059710696563, 0.19026733768879678, 0.1858177712657144, 0.17281280283242706, 0.16504122474213578, 0.16025690749800695, 0.14131843617630052, 0.13294366866251006, 0.14061960865931017, 0.13089761368205977, 0.11621546681271866, 0.1039875675191137, 0.10522027298348904, 0.0905047320406151, 0.08266170935476785]}