{"acc": [0.5339506172839507, 0.5617283950617284, 0.5679012345679012, 0.5987654320987654, 0.5979938271604939, 0.6134259259259259, 0.6087962962962963, 0.6165123456790124, 0.6188271604938271, 0.6265432098765432, 0.6358024691358025, 0.6458333333333334, 0.6496913580246914, 0.6666666666666666, 0.6682098765432098, 0.6597222222222222, 0.6682098765432098, 0.6766975308641975, 0.6766975308641975, 0.6967592592592593, 0.6728395061728395, 0.6851851851851852, 0.7106481481481481, 0.7268518518518519, 0.7353395061728395, 0.7407407407407407, 0.7677469135802469, 0.7561728395061729, 0.7739197530864198, 0.7970679012345679, 0.8125, 0.8348765432098766, 0.8402777777777778, 0.8618827160493827, 0.8858024691358025, 0.8919753086419753, 0.904320987654321, 0.9089506172839507, 0.9313271604938271, 0.9035493827160493, 0.970679012345679, 0.9645061728395061, 0.9907407407407407, 0.9945987654320988, 0.996141975308642, 0.9637345679012346, 1.0], "loss": [0.691637235302708, 0.6796194908301127, 0.6683524027624869, 0.6372939875655722, 0.6291622641245138, 0.6228816024822713, 0.6258578593687678, 0.6181674562713311, 0.6103266324455947, 0.6003580291184957, 0.5829640179072002, 0.5647351866545159, 0.5792968994350007, 0.5566394886611219, 0.5383046692453242, 0.5366096010758467, 0.5186690810406741, 0.5144250641007981, 0.5040809208986609, 0.49040066277729166, 0.4876221999817865, 0.46865962943675266, 0.4651149996619378, 0.44601080123782993, 0.4327535876654536, 0.42176588906239243, 0.4002092347739099, 0.3967628062343474, 0.39470537929927785, 0.3448581116620947, 0.3279292325544248, 0.322316275573694, 0.2975934736362855, 0.2656564105955528, 0.22656252708600116, 0.20217786847136732, 0.18263779690719098, 0.2406003094628261, 0.146495052421537, 0.22491658626818067, 0.11937845889354039, 0.16614079466824339, 0.11404905356642014, 0.07568438225818412, 0.07017409376423, 0.13880525842689354, 0.03743103117912393]}