{"acc": [0.5239197530864198, 0.5594135802469136, 0.5609567901234568, 0.5532407407407407, 0.5748456790123457, 0.5979938271604939, 0.6118827160493827, 0.6203703703703703, 0.621141975308642, 0.6327160493827161, 0.6319444444444444, 0.6334876543209876, 0.6550925925925926, 0.6797839506172839, 0.6944444444444444, 0.6766975308641975, 0.6766975308641975, 0.7060185185185185, 0.7037037037037037, 0.720679012345679, 0.7476851851851852, 0.7746913580246914, 0.7932098765432098, 0.808641975308642, 0.7708333333333334, 0.7770061728395061, 0.7955246913580247, 0.7839506172839507, 0.8009259259259259, 0.8510802469135802, 0.8510802469135802, 0.8634259259259259, 0.8618827160493827, 0.8595679012345679, 0.8773148148148148, 0.8757716049382716, 0.8742283950617284, 0.875, 0.8695987654320988, 0.9050925925925926, 0.9074074074074074, 0.9074074074074074, 0.9112654320987654, 0.9290123456790124, 0.9529320987654321, 0.9753086419753086, 0.9783950617283951, 0.9861111111111112, 0.9953703703703703, 0.9992283950617284, 0.9429012345679012, 0.9575617283950617, 0.9876543209876543, 0.9845679012345679, 0.9884259259259259, 0.9953703703703703, 0.996141975308642, 0.9984567901234568, 1.0], "loss": [0.6941707748689769, 0.6837859405779544, 0.683285839671706, 0.6674140344063441, 0.6420180402052256, 0.6195858571632409, 0.6120513976540094, 0.6051383073629242, 0.6015702198133056, 0.5950692709949281, 0.5782949242878843, 0.5660543880988786, 0.5449501939669803, 0.5382427489959899, 0.5184129808144069, 0.5008026898643116, 0.4737427665587561, 0.45722410005781755, 0.4483719709570761, 0.451638515268303, 0.41944461544532974, 0.40486840618613323, 0.3907252966874009, 0.37428489392537073, 0.37051867675338007, 0.3572191919464572, 0.33702872125744493, 0.3457307035331959, 0.3618478627248817, 0.3009313493417317, 0.27786754945366365, 0.26010266231749507, 0.2698049223194018, 0.23379578254766617, 0.22597785843290807, 0.22054579943838173, 0.20391215096830742, 0.21979868279460654, 0.2485238117270781, 0.18711584630871608, 0.1726738602140998, 0.16121751437548268, 0.1471892718075168, 0.1316319923024383, 0.11552358507748224, 0.10754647510569797, 0.09800980535887734, 0.09144278663446995, 0.06716945952265868, 0.04780115515805611, 0.23240062185922633, 0.1336327607023572, 0.07668428828374427, 0.06888566995583482, 0.0654999447252847, 0.045831458265133226, 0.04250766093727976, 0.0356592427859767, 0.019629454943309678]}