{"acc": [0.5378086419753086, 0.5609567901234568, 0.5756172839506173, 0.5864197530864198, 0.5787037037037037, 0.5964506172839507, 0.5864197530864198, 0.5995370370370371, 0.6118827160493827, 0.6157407407407407, 0.6118827160493827, 0.6041666666666666, 0.6134259259259259, 0.6535493827160493, 0.6813271604938271, 0.6759259259259259, 0.6890432098765432, 0.7052469135802469, 0.7121913580246914, 0.7199074074074074, 0.7160493827160493, 0.7307098765432098, 0.7399691358024691, 0.7345679012345679, 0.7407407407407407, 0.7445987654320988, 0.7507716049382716, 0.7438271604938271, 0.753858024691358, 0.7600308641975309, 0.7754629629629629, 0.7993827160493827, 0.8279320987654321, 0.8657407407407407, 0.8618827160493827, 0.8811728395061729, 0.8796296296296297, 0.8811728395061729, 0.9058641975308642, 0.8989197530864198, 0.9135802469135802, 0.9174382716049383, 0.9351851851851852, 0.9398148148148148, 0.9421296296296297, 0.9660493827160493, 0.9799382716049383, 0.9976851851851852, 0.9976851851851852, 0.9992283950617284, 1.0], "loss": [0.6910057722786327, 0.6834147653461974, 0.6752807718736155, 0.6633339045960226, 0.6570963101622499, 0.6335347662737341, 0.6153068674935235, 0.6022193398740556, 0.59170949164732, 0.5841029488746031, 0.5700618411287849, 0.5595167584625291, 0.5428479306491805, 0.5347876592918679, 0.5165932513313529, 0.4878539542357127, 0.47214536240071425, 0.45755480505802015, 0.4517732829223444, 0.4354943883271865, 0.4208155831804982, 0.4147815439436171, 0.40134732406816365, 0.39446227142104395, 0.3821865875779847, 0.38104138642917446, 0.36123094661736194, 0.35144978964034423, 0.3460531183231024, 0.3310676029434911, 0.3249872867707853, 0.31195308948740547, 0.3154534031579524, 0.29066755319083176, 0.278309540340194, 0.26300252357750764, 0.24745651306929412, 0.23507163494273467, 0.2163368626325219, 0.20183871079374244, 0.19018955763291429, 0.17400190523929066, 0.16210462359918487, 0.15065215185376596, 0.14116025460814988, 0.12461785820347292, 0.11539145954597144, 0.09984735749018045, 0.09062755209060362, 0.08186112473040451, 0.06779086981888538]}