{"acc": [0.5285493827160493, 0.5439814814814815, 0.5547839506172839, 0.5617283950617284, 0.5578703703703703, 0.5632716049382716, 0.5694444444444444, 0.5648148148148148, 0.558641975308642, 0.6049382716049383, 0.6018518518518519, 0.625, 0.6358024691358025, 0.6180555555555556, 0.6435185185185185, 0.6311728395061729, 0.621141975308642, 0.6265432098765432, 0.6226851851851852, 0.6442901234567902, 0.6520061728395061, 0.6759259259259259, 0.6828703703703703, 0.6820987654320988, 0.6936728395061729, 0.6975308641975309, 0.6998456790123457, 0.7191358024691358, 0.7145061728395061, 0.7222222222222222, 0.720679012345679, 0.7476851851851852, 0.7476851851851852, 0.7353395061728395, 0.7507716049382716, 0.7337962962962963, 0.7330246913580247, 0.7399691358024691, 0.7453703703703703, 0.7445987654320988, 0.7438271604938271, 0.7422839506172839, 0.7299382716049383, 0.7453703703703703, 0.746141975308642, 0.7376543209876543, 0.779320987654321, 0.7638888888888888, 0.7584876543209876, 0.7785493827160493, 0.7986111111111112, 0.7785493827160493, 0.8024691358024691, 0.8016975308641975, 0.8233024691358025, 0.7901234567901234, 0.8155864197530864, 0.8155864197530864, 0.8310185185185185, 0.8155864197530864, 0.816358024691358, 0.8240740740740741, 0.8132716049382716, 0.8217592592592593, 0.8117283950617284, 0.7662037037037037, 0.8186728395061729, 0.8233024691358025, 0.8317901234567902, 0.8364197530864198, 0.8464506172839507, 0.8472222222222222, 0.8533950617283951, 0.8580246913580247, 0.871141975308642, 0.8873456790123457, 0.8904320987654321, 0.8896604938271605, 0.875, 0.8981481481481481, 0.9143518518518519, 0.9112654320987654, 0.9128086419753086, 0.9166666666666666, 0.9135802469135802, 0.9228395061728395, 0.9251543209876543, 0.9251543209876543, 0.9236111111111112, 0.9498456790123457, 0.9853395061728395, 0.9861111111111112, 0.9984567901234568, 0.9984567901234568, 1.0], "loss": [0.6954224786640685, 0.6871661830831457, 0.6834176550676794, 0.6808584921153975, 0.6769035156862235, 0.6703602296334726, 0.6632235808137023, 0.6526336714073464, 0.6423025845009603, 0.6255976336973684, 0.6183836393886142, 0.6133935263863316, 0.6082679401209325, 0.6054124902060003, 0.600413660944244, 0.5905265443854861, 0.5842279957400428, 0.5654887538633229, 0.556458870201935, 0.5396373897422979, 0.5301706437711362, 0.539983531943074, 0.5157870370664714, 0.5054540623117376, 0.49938492200992723, 0.4851589545055672, 0.4774191269168147, 0.4622797502411736, 0.4605715271131492, 0.45479451635001616, 0.4456345556694784, 0.43451378411716884, 0.42792607770289903, 0.42336465050408867, 0.42033803554964655, 0.41193727118733486, 0.4133588701118658, 0.40459707710478043, 0.40416685390619583, 0.3941100033712976, 0.3894610949504523, 0.39445597264501786, 0.38688553832931283, 0.38163769576284623, 0.37664122851910414, 0.3753481190881611, 0.37475087815596736, 0.371498672682562, 0.368887056907018, 0.36121396518047943, 0.3595079250725699, 0.35652521730941017, 0.35522850575270476, 0.35336905239540856, 0.3507808232564985, 0.35191661340219005, 0.3473895440498988, 0.3425477253802029, 0.3389784618292326, 0.34878554038795423, 0.334123252350607, 0.32313411949593346, 0.32248158283807615, 0.3119030530438011, 0.3192302683989207, 0.38860212450410114, 0.30015604032410514, 0.2928515721434428, 0.2903025007726234, 0.28513618209111835, 0.28490991136174143, 0.2781273415427149, 0.27315038815140724, 0.2696873974285008, 0.2694713069516935, 0.26230467506396915, 0.2555674459831214, 0.26091701555767177, 0.3048902792327198, 0.25203018249185, 0.24055309970805674, 0.23776449391871324, 0.23075895294271134, 0.22870217144121358, 0.22447185190739455, 0.21555925887308003, 0.20909068337929101, 0.2021894790692094, 0.19378547076089883, 0.16075909634431204, 0.1373395879327515, 0.12204195899359974, 0.10038300976157188, 0.0837966565295686, 0.07229843468945703]}