{"acc": [0.5246913580246914, 0.5455246913580247, 0.5802469135802469, 0.5810185185185185, 0.5763888888888888, 0.5825617283950617, 0.5841049382716049, 0.5748456790123457, 0.5902777777777778, 0.5964506172839507, 0.6064814814814815, 0.6304012345679012, 0.6774691358024691, 0.7029320987654321, 0.7006172839506173, 0.7029320987654321, 0.7052469135802469, 0.7075617283950617, 0.7345679012345679, 0.7638888888888888, 0.7646604938271605, 0.7885802469135802, 0.7978395061728395, 0.8279320987654321, 0.8533950617283951, 0.658179012345679, 0.6489197530864198, 0.6736111111111112, 0.6720679012345679, 0.7322530864197531, 0.8842592592592593, 0.9012345679012346, 0.9020061728395061, 0.9274691358024691, 0.6936728395061729, 0.7199074074074074, 0.7376543209876543, 0.7191358024691358, 0.7808641975308642, 0.8865740740740741, 0.8873456790123457, 0.908179012345679, 0.9498456790123457, 0.9814814814814815, 0.8148148148148148, 0.7376543209876543, 0.7546296296296297, 0.7785493827160493, 0.779320987654321, 0.7854938271604939, 0.7978395061728395, 0.8510802469135802, 0.8618827160493827, 0.871141975308642, 0.8935185185185185, 0.8942901234567902, 0.8919753086419753, 0.9158950617283951, 0.9367283950617284, 0.9760802469135802, 0.9552469135802469, 0.9953703703703703, 0.9953703703703703, 0.9976851851851852, 0.9876543209876543, 1.0], "loss": [0.6935200559228291, 0.6855704796810945, 0.6814358505753824, 0.6724542711895926, 0.6683509586217963, 0.6614830343995566, 0.6464855175143407, 0.6282183390087736, 0.6036681713059222, 0.5768389014446716, 0.5555969106517071, 0.5385687018862859, 0.5219913601097765, 0.49068993651978954, 0.4734124254423309, 0.4526419248720152, 0.405474674138234, 0.39203286909011054, 0.36073066460427006, 0.34346267922692447, 0.36821363776237503, 0.32220037104937627, 0.3158085923581287, 0.2955665504608595, 0.2830957211309765, 0.5482788131523534, 0.4938225159000727, 0.4746487402390773, 0.4832214993961593, 0.4154745524493584, 0.2587767867474595, 0.2330901187667946, 0.22612257853765005, 0.17019770350681662, 0.5758762172905381, 0.4594888310571431, 0.426441408921058, 0.4472360812291823, 0.3586831743857769, 0.23103308485428775, 0.17950113435109363, 0.1561651359574808, 0.12192625257054113, 0.09641629786298994, 0.44877513336191255, 0.45389207894653366, 0.4136123061940232, 0.39047388826525337, 0.3842539228747307, 0.3652254289685022, 0.34463802212989625, 0.3187324189265149, 0.3071100488443425, 0.2901644344665891, 0.25196918763221127, 0.2209197526596857, 0.2210939725394033, 0.16195190832402628, 0.13576782666400763, 0.09976009393385066, 0.1413442153670101, 0.06887704388206731, 0.056026293910456125, 0.040207491388128104, 0.05382189137956104, 0.02028978999681051]}