{"acc": [0.5185185185185185, 0.5570987654320988, 0.558641975308642, 0.5748456790123457, 0.5810185185185185, 0.6010802469135802, 0.5887345679012346, 0.6026234567901234, 0.6111111111111112, 0.6118827160493827, 0.6280864197530864, 0.6103395061728395, 0.6203703703703703, 0.628858024691358, 0.6466049382716049, 0.6751543209876543, 0.6820987654320988, 0.6782407407407407, 0.6967592592592593, 0.7044753086419753, 0.7145061728395061, 0.7245370370370371, 0.7291666666666666, 0.75, 0.7569444444444444, 0.7561728395061729, 0.7716049382716049, 0.7870370370370371, 0.8202160493827161, 0.8626543209876543, 0.8819444444444444, 0.8896604938271605, 0.9012345679012346, 0.9020061728395061, 0.908179012345679, 0.9112654320987654, 0.9120370370370371, 0.9020061728395061, 0.9058641975308642, 0.9027777777777778, 0.908179012345679, 0.9012345679012346, 0.9066358024691358, 0.9074074074074074, 0.9097222222222222, 0.8958333333333334, 0.8958333333333334, 0.9097222222222222, 0.9174382716049383, 0.9228395061728395, 0.9205246913580247, 0.9274691358024691, 0.9243827160493827, 0.9351851851851852, 0.9467592592592593, 0.9598765432098766, 0.9506172839506173, 0.9830246913580247, 0.9675925925925926, 0.9861111111111112, 0.9567901234567902, 0.9853395061728395, 0.9992283950617284, 0.9984567901234568, 1.0], "loss": [0.6948163645502962, 0.6857058545689524, 0.681800807699745, 0.6738391976665568, 0.6622301119345205, 0.6532666508430316, 0.6361837044910148, 0.6192850569883982, 0.6144170571624497, 0.6034498131937451, 0.5975217600295573, 0.5888773383181772, 0.57699234581288, 0.568691580015936, 0.5506977926433823, 0.5309469575683275, 0.5235757496621873, 0.5129250385511068, 0.4960054699101566, 0.4830968059875347, 0.46942123982273504, 0.4582972158620387, 0.4442510291658066, 0.4259165192689793, 0.4124538314379292, 0.3916468557752209, 0.3791087135028692, 0.35714194477524286, 0.34209117100194647, 0.3155162957163505, 0.2903487431230368, 0.28011897456958706, 0.2582159541075888, 0.24566078724132645, 0.2235676848364097, 0.21386868571057732, 0.20573547272080625, 0.20141513462833785, 0.20174929138594938, 0.19227976878576072, 0.1900601779041743, 0.18527390692314064, 0.18543029562742622, 0.18117433355368076, 0.17837932279885368, 0.2170561773840476, 0.19468598227867465, 0.1808793636061895, 0.1660777395548023, 0.1581334747405677, 0.1505771518489461, 0.1426795934539656, 0.14084425542782417, 0.12553001346532255, 0.1255951655423556, 0.11121804295193956, 0.10983986020688956, 0.09155482080057953, 0.09278480177615872, 0.08099599825548882, 0.16820727470532107, 0.10150314925344844, 0.057666977442693924, 0.051478161661954666, 0.0458624735941685]}