{"acc": [0.4791666666666667, 0.49074074074074076, 0.5324074074074074, 0.5578703703703703, 0.5555555555555556, 0.5694444444444444, 0.5439814814814815, 0.5740740740740741, 0.5648148148148148, 0.5601851851851852, 0.5810185185185185, 0.5949074074074074, 0.5694444444444444, 0.5578703703703703, 0.5625, 0.5740740740740741, 0.5787037037037037, 0.6342592592592593, 0.6041666666666666, 0.6134259259259259, 0.6018518518518519, 0.6064814814814815, 0.6111111111111112, 0.6064814814814815, 0.6203703703703703, 0.6180555555555556, 0.6157407407407407, 0.6296296296296297, 0.6458333333333334, 0.6435185185185185, 0.6550925925925926, 0.6782407407407407, 0.6342592592592593, 0.7106481481481481, 0.6759259259259259, 0.7222222222222222, 0.7106481481481481, 0.7361111111111112, 0.7384259259259259, 0.7291666666666666, 0.7291666666666666, 0.7476851851851852, 0.6689814814814815, 0.6226851851851852, 0.7106481481481481, 0.7268518518518519, 0.7384259259259259, 0.7476851851851852, 0.7152777777777778, 0.7245370370370371, 0.7245370370370371, 0.7407407407407407, 0.7754629629629629, 0.8148148148148148, 0.8194444444444444, 0.8680555555555556, 0.8495370370370371, 0.8888888888888888, 0.8981481481481481, 0.8958333333333334, 0.8819444444444444, 0.8958333333333334, 0.8935185185185185, 0.9097222222222222, 0.8773148148148148, 0.8865740740740741, 0.9097222222222222, 0.9097222222222222, 0.9120370370370371, 0.9097222222222222, 0.8865740740740741, 0.9143518518518519, 0.8518518518518519, 0.9074074074074074, 0.9166666666666666, 0.9143518518518519, 0.9050925925925926, 0.9097222222222222, 0.8912037037037037, 0.9490740740740741, 0.9421296296296297, 0.9444444444444444, 0.9652777777777778, 0.9768518518518519, 0.9907407407407407, 0.9814814814814815, 0.9976851851851852, 0.9930555555555556, 0.9699074074074074, 0.9189814814814815, 1.0], "loss": [0.7002225493391355, 0.6945739320168892, 0.6932006160970088, 0.6826501829998085, 0.6861750494550776, 0.6810029655419014, 0.6834341005111734, 0.6785778581958126, 0.6764648347334178, 0.6760733735368207, 0.671023514052784, 0.662914092928447, 0.6612117662335988, 0.6537310657677827, 0.646179230676757, 0.632858743703562, 0.6193550056379065, 0.6121914447258286, 0.6114427784239322, 0.602178325795996, 0.6001043148329315, 0.5951148664502065, 0.5961974267633494, 0.5912786719237538, 0.57574772227641, 0.5724040906417679, 0.564659694975199, 0.5519255961144786, 0.5398298638408158, 0.5680533540115218, 0.5420662041269005, 0.5145641176573406, 0.5406279174789206, 0.493322915363731, 0.49017067396538616, 0.4654336506696298, 0.4737979753047399, 0.46127486996868444, 0.4490870714318155, 0.46293402340502177, 0.4565733875947522, 0.42439817515497313, 0.5089362696556068, 0.5442538641523738, 0.487231977001974, 0.42811318990429337, 0.42171957227005347, 0.4149055074766145, 0.42782216714660165, 0.41209747898515053, 0.39666740333421235, 0.3807198883229781, 0.38612753336857003, 0.34178313141565164, 0.3316403083535907, 0.3149294113279445, 0.32989298603070877, 0.285203326274128, 0.2611714736029783, 0.2588861408149858, 0.2599906304232261, 0.24543211319311492, 0.2244201179694321, 0.20907775368281992, 0.2692152354380682, 0.22865862476197063, 0.19043119559683766, 0.18240595818129976, 0.1886494666744347, 0.18005548267179514, 0.23174743293940023, 0.1695022753864341, 0.28070328513454224, 0.171994306881581, 0.16832435190333822, 0.15773442706219712, 0.1706446640451366, 0.1618061991697049, 0.19011086543526745, 0.13416491623256263, 0.12710339548827168, 0.1590814337874456, 0.15617740664814156, 0.09633379343027018, 0.08197744188355746, 0.09063499366657789, 0.06213535740183807, 0.0704858156012892, 0.13199525032523146, 0.2548810638724034, 0.052517881762214905]}