{"acc": [0.5285493827160493, 0.5532407407407407, 0.5547839506172839, 0.5794753086419753, 0.5709876543209876, 0.5748456790123457, 0.5763888888888888, 0.5779320987654321, 0.5887345679012346, 0.5902777777777778, 0.6033950617283951, 0.6003086419753086, 0.5578703703703703, 0.5817901234567902, 0.6180555555555556, 0.6635802469135802, 0.7060185185185185, 0.7098765432098766, 0.7145061728395061, 0.6975308641975309, 0.6983024691358025, 0.6774691358024691, 0.6967592592592593, 0.6890432098765432, 0.6921296296296297, 0.7021604938271605, 0.7214506172839507, 0.7330246913580247, 0.7345679012345679, 0.7453703703703703, 0.7608024691358025, 0.7654320987654321, 0.7862654320987654, 0.7962962962962963, 0.8140432098765432, 0.8179012345679012, 0.8557098765432098, 0.8865740740740741, 0.8966049382716049, 0.9259259259259259, 0.9444444444444444, 0.9567901234567902, 0.9845679012345679, 0.9845679012345679, 0.9922839506172839, 0.9984567901234568, 1.0], "loss": [0.696875564110132, 0.686620968727418, 0.6812119546495838, 0.6736277606752183, 0.6705364320013258, 0.6646172378534152, 0.6580866380238238, 0.6556025200787886, 0.6481659588990388, 0.6435341579310688, 0.6296203451024162, 0.6083732767973418, 0.5874754400164993, 0.5702656424707837, 0.547624076406161, 0.5255369785023324, 0.5011932031239992, 0.4765975839561886, 0.45795331049112625, 0.4487917907995942, 0.4232252303648878, 0.4124880601870425, 0.4002743086513178, 0.40163755499654347, 0.38192255542050174, 0.3733374036181672, 0.37761684051818317, 0.36594113807573364, 0.3648106939630744, 0.3669406008320274, 0.34653035312155145, 0.33957912984453603, 0.3272406055741472, 0.3146071406426253, 0.29703616647532693, 0.3186254873411891, 0.2710059647689815, 0.2560556323072057, 0.23523373303383036, 0.21414986796056232, 0.19401276834815004, 0.17333931585106951, 0.15096394242258904, 0.12449657696264761, 0.10257409165762825, 0.07395366736526751, 0.05308629917325797]}