{"acc": [0.5115740740740741, 0.4976851851851852, 0.5555555555555556, 0.5324074074074074, 0.5601851851851852, 0.5578703703703703, 0.5763888888888888, 0.5509259259259259, 0.5648148148148148, 0.5625, 0.5578703703703703, 0.5694444444444444, 0.5439814814814815, 0.5601851851851852, 0.5833333333333334, 0.5486111111111112, 0.5509259259259259, 0.5717592592592593, 0.5879629629629629, 0.5856481481481481, 0.5949074074074074, 0.5949074074074074, 0.6064814814814815, 0.5949074074074074, 0.6226851851851852, 0.6180555555555556, 0.6111111111111112, 0.6134259259259259, 0.6296296296296297, 0.6273148148148148, 0.6157407407407407, 0.6064814814814815, 0.6018518518518519, 0.6064814814814815, 0.625, 0.6574074074074074, 0.6967592592592593, 0.7013888888888888, 0.7152777777777778, 0.6643518518518519, 0.6666666666666666, 0.6736111111111112, 0.6944444444444444, 0.6597222222222222, 0.6712962962962963, 0.6643518518518519, 0.6666666666666666, 0.6759259259259259, 0.6967592592592593, 0.6921296296296297, 0.6851851851851852, 0.7013888888888888, 0.6712962962962963, 0.7291666666666666, 0.6944444444444444, 0.7291666666666666, 0.7314814814814815, 0.7222222222222222, 0.7384259259259259, 0.75, 0.75, 0.7361111111111112, 0.7430555555555556, 0.7662037037037037, 0.7523148148148148, 0.7546296296296297, 0.7592592592592593, 0.7569444444444444, 0.7523148148148148, 0.7754629629629629, 0.7754629629629629, 0.7731481481481481, 0.7731481481481481, 0.7662037037037037, 0.7638888888888888, 0.7662037037037037, 0.7777777777777778, 0.7962962962962963, 0.8055555555555556, 0.8240740740740741, 0.8078703703703703, 0.8032407407407407, 0.8287037037037037, 0.8333333333333334, 0.8472222222222222, 0.8541666666666666, 0.8402777777777778, 0.8958333333333334, 0.8773148148148148, 0.8935185185185185, 0.8865740740740741, 0.9074074074074074, 0.9074074074074074, 0.9074074074074074, 0.9143518518518519, 0.9097222222222222, 0.9212962962962963, 0.9050925925925926, 0.9166666666666666, 0.9189814814814815, 0.9189814814814815, 0.9259259259259259, 0.9212962962962963, 0.9444444444444444, 0.9421296296296297, 0.9444444444444444, 0.9675925925925926, 0.9722222222222222, 0.9907407407407407, 0.9791666666666666, 0.9930555555555556, 0.9837962962962963, 0.9976851851851852, 1.0], "loss": [0.7019840567200272, 0.6933383411831326, 0.6897294377839124, 0.6852283312214745, 0.6852458759590432, 0.6863016817304823, 0.6799280797993695, 0.6801700647230502, 0.6782130025051258, 0.6730743999834414, 0.6705886677459434, 0.668517079618242, 0.666948147394039, 0.6578877965609232, 0.6599557123802327, 0.6562700646894949, 0.6438169523521706, 0.6443708572122786, 0.6319654793651016, 0.6229694551891751, 0.6186573096999416, 0.6041583683755662, 0.5995580007632574, 0.5965050000835348, 0.591307395586261, 0.5822090986702178, 0.5820541348722246, 0.5745168874661127, 0.5808489284029713, 0.559914100225325, 0.5612544847859277, 0.5541801226359827, 0.5469275652258484, 0.5484415783926293, 0.5415832587966213, 0.5348325266882226, 0.5225213197646318, 0.5153074159666344, 0.508391750631509, 0.4994341488237734, 0.49752931848720267, 0.4871219898815508, 0.47915602447809996, 0.4719458288616604, 0.4673435903257794, 0.45518645354443127, 0.44553814166122013, 0.4400608015281183, 0.43217966374423766, 0.42607134497827953, 0.41317408393930505, 0.40281067898979894, 0.4416660923096869, 0.3930316955127098, 0.4140941671751164, 0.38459784703122246, 0.376438264493589, 0.37560059792465633, 0.36982426544030506, 0.3596027545906879, 0.3620428529878457, 0.3579512046719039, 0.36639396459968004, 0.35400069422192043, 0.34654509082988455, 0.3444474736849467, 0.34134912959955355, 0.3406014743226546, 0.3378891795183773, 0.3349345656180823, 0.33109572529792786, 0.3219465022837674, 0.31781489543478797, 0.32246255605585045, 0.3151218940814336, 0.312093841118945, 0.3060063987763392, 0.30452326381648026, 0.30186792007750934, 0.30026020965090505, 0.30896703607437237, 0.3031316164329096, 0.29029200488218554, 0.28997132899584593, 0.29524258782880175, 0.28014702046359025, 0.2779149862213267, 0.2742875518484248, 0.2676285545307177, 0.26785940107785994, 0.2577841770317819, 0.2585112865048426, 0.2506540045142174, 0.24331572578564561, 0.2308370133654939, 0.2300786547086857, 0.21909621751142871, 0.22277782077866573, 0.2008189247507188, 0.19137128854722338, 0.18323045994879472, 0.18006796596778762, 0.17585835640353184, 0.1664660523335139, 0.1452686999131132, 0.13949983435924407, 0.13251955551957642, 0.12558816532018008, 0.10799240196744601, 0.10388867712269227, 0.0931841027405527, 0.10653723591800641, 0.09050082140257237, 0.08076972479897516]}