{"acc": [0.5138888888888888, 0.4791666666666667, 0.5347222222222222, 0.5439814814814815, 0.5462962962962963, 0.5532407407407407, 0.5462962962962963, 0.5694444444444444, 0.5462962962962963, 0.5925925925925926, 0.5740740740740741, 0.5879629629629629, 0.5787037037037037, 0.5671296296296297, 0.5763888888888888, 0.5555555555555556, 0.5694444444444444, 0.5532407407407407, 0.5532407407407407, 0.5856481481481481, 0.5787037037037037, 0.5601851851851852, 0.5601851851851852, 0.5787037037037037, 0.6018518518518519, 0.625, 0.6851851851851852, 0.6180555555555556, 0.7106481481481481, 0.6944444444444444, 0.7199074074074074, 0.6967592592592593, 0.6805555555555556, 0.6828703703703703, 0.6712962962962963, 0.6967592592592593, 0.6921296296296297, 0.6875, 0.6990740740740741, 0.6643518518518519, 0.6782407407407407, 0.6875, 0.7037037037037037, 0.7013888888888888, 0.7268518518518519, 0.7199074074074074, 0.7268518518518519, 0.7592592592592593, 0.6828703703703703, 0.7453703703703703, 0.7800925925925926, 0.7708333333333334, 0.8009259259259259, 0.8171296296296297, 0.8333333333333334, 0.8611111111111112, 0.8611111111111112, 0.8703703703703703, 0.8888888888888888, 0.8796296296296297, 0.8981481481481481, 0.9004629629629629, 0.9166666666666666, 0.8796296296296297, 0.9143518518518519, 0.9143518518518519, 0.9143518518518519, 0.9074074074074074, 0.9097222222222222, 0.9050925925925926, 0.8796296296296297, 0.9212962962962963, 0.9097222222222222, 0.8935185185185185, 0.9259259259259259, 0.9097222222222222, 0.9583333333333334, 0.9814814814814815, 0.9745370370370371, 0.9907407407407407, 0.9953703703703703, 0.8981481481481481, 0.9143518518518519, 0.9976851851851852, 1.0], "loss": [0.6968474949675577, 0.6955258302666523, 0.6905004696713554, 0.6898287526090388, 0.6854268696021151, 0.6825164413700501, 0.6830442718195694, 0.681125347537023, 0.6773576754386779, 0.6725664949389519, 0.6674238030143358, 0.667940849783244, 0.6706051748866836, 0.667734241389014, 0.6565368424549147, 0.6507296870911011, 0.6439817874450926, 0.6385134489068555, 0.6184735825388796, 0.6312733709087802, 0.5913514258960882, 0.5826961339658333, 0.5744730126063116, 0.5702205087603673, 0.5640894279627834, 0.548042429481905, 0.5407281372814834, 0.5837398323773144, 0.5159562422931898, 0.5419517260907688, 0.5020709433865088, 0.4972524890095658, 0.5101239774520158, 0.5289668734493278, 0.4911854027153763, 0.44820652359035235, 0.4397405448356828, 0.44072474301169645, 0.45260681776521033, 0.45256240987995283, 0.4881213507412787, 0.4097114527644589, 0.3933647433285934, 0.41127849246359716, 0.39090635234790155, 0.3847151560905273, 0.39554017885249737, 0.3589492218462653, 0.5776682258739159, 0.40739445740491403, 0.36302051820294373, 0.34804316531359836, 0.3385834688155964, 0.3226126318984206, 0.31556874155697895, 0.29679762415339217, 0.2882351107600073, 0.2852703801752614, 0.27015740458832066, 0.27970658362311895, 0.24905051802372494, 0.2618512910385396, 0.2033453315865726, 0.2551480464046254, 0.1935386274408387, 0.17841014916401685, 0.17879988032745955, 0.1716576130585672, 0.15588497901264706, 0.155960127040424, 0.23645612226645324, 0.12825678679545638, 0.156385109048864, 0.18276899058692356, 0.10900896133125494, 0.1257286831414407, 0.11696279970064705, 0.08824134314821352, 0.07806083286397633, 0.08267026637449088, 0.058334088835827025, 0.2755878860133923, 0.34821888240167004, 0.05687754265760869, 0.04437607013009062]}