{"acc": [0.48996913580246915, 0.5115740740740741, 0.5609567901234568, 0.5648148148148148, 0.566358024691358, 0.5787037037037037, 0.6057098765432098, 0.6103395061728395, 0.6118827160493827, 0.6226851851851852, 0.6234567901234568, 0.6311728395061729, 0.628858024691358, 0.6188271604938271, 0.6188271604938271, 0.6319444444444444, 0.6195987654320988, 0.6234567901234568, 0.6319444444444444, 0.6242283950617284, 0.6404320987654321, 0.625, 0.6373456790123457, 0.6388888888888888, 0.6381172839506173, 0.6550925925925926, 0.6496913580246914, 0.6574074074074074, 0.6682098765432098, 0.691358024691358, 0.6790123456790124, 0.6797839506172839, 0.6944444444444444, 0.691358024691358, 0.6983024691358025, 0.691358024691358, 0.6975308641975309, 0.6990740740740741, 0.7083333333333334, 0.7067901234567902, 0.7191358024691358, 0.7229938271604939, 0.7260802469135802, 0.7430555555555556, 0.7353395061728395, 0.746141975308642, 0.7376543209876543, 0.7577160493827161, 0.7415123456790124, 0.7554012345679012, 0.7584876543209876, 0.7615740740740741, 0.7669753086419753, 0.7646604938271605, 0.7816358024691358, 0.8233024691358025, 0.8479938271604939, 0.8433641975308642, 0.8587962962962963, 0.8649691358024691, 0.8726851851851852, 0.8626543209876543, 0.8796296296296297, 0.871141975308642, 0.8881172839506173, 0.8796296296296297, 0.9120370370370371, 0.904320987654321, 0.904320987654321, 0.9089506172839507, 0.9035493827160493, 0.9158950617283951, 0.9282407407407407, 0.9274691358024691, 0.9274691358024691, 0.9398148148148148, 0.9398148148148148, 0.9598765432098766, 0.966820987654321, 0.9537037037037037, 0.9845679012345679, 0.9907407407407407, 0.9976851851851852, 0.9953703703703703, 0.9992283950617284, 0.9992283950617284, 0.9853395061728395, 0.9421296296296297, 0.996141975308642, 0.9976851851851852, 1.0], "loss": [0.6965046028296152, 0.6910466297909066, 0.683144987181381, 0.676130526503663, 0.6678882555829154, 0.6460041920711965, 0.6270149975647161, 0.622115351167726, 0.6179260221528419, 0.6204778774422995, 0.6136779067692933, 0.6132487378278633, 0.6155561293808767, 0.6102547510354607, 0.6077177978960084, 0.6102323972240642, 0.6018345398299488, 0.6026341524090112, 0.6002043086437532, 0.5953887393353162, 0.5916083445887507, 0.585282548710152, 0.5817145151948487, 0.578282767423877, 0.569169653924527, 0.5619352682965038, 0.5607859054235397, 0.5529704841520683, 0.5422040472887917, 0.5339366377641758, 0.5291309000947225, 0.5153491297782755, 0.5156211294923667, 0.5050894417052652, 0.49409660165784536, 0.4918061683966238, 0.484808206770937, 0.47999136380989244, 0.47419969440886267, 0.47599593324034856, 0.4604327753243715, 0.46182636202623445, 0.4531245968523033, 0.44549122437501304, 0.44282477392015956, 0.4363058350784819, 0.44427937647201304, 0.42544392904609496, 0.42150695761378254, 0.4119911996452253, 0.40037715771626453, 0.3978332520152132, 0.38608394865877926, 0.37560494955956797, 0.35744865904380724, 0.3264531145421328, 0.3167904340489595, 0.31364897390781543, 0.2881592320598788, 0.2841133626007596, 0.2698318526079809, 0.27239659484576456, 0.2422577156426592, 0.254881078557199, 0.214894606902862, 0.23827422551434727, 0.19696626149155314, 0.20668208909100266, 0.18736118156919945, 0.18312847782946823, 0.22530403523768777, 0.1764215354413875, 0.15941709693407452, 0.1546704970524944, 0.14617432639902234, 0.13828631839822736, 0.13741657479706057, 0.11451372915613364, 0.10912031077352793, 0.1562639600017491, 0.09141398004511656, 0.07928041830116316, 0.07186297514483247, 0.0648037782402416, 0.054704448007540145, 0.04696793400513276, 0.07774112628260214, 0.22593117114772696, 0.06740395053696566, 0.044226138468864654, 0.03285927243596683]}