{"acc": [0.5262345679012346, 0.5455246913580247, 0.5547839506172839, 0.5679012345679012, 0.5825617283950617, 0.591820987654321, 0.6172839506172839, 0.595679012345679, 0.6126543209876543, 0.6080246913580247, 0.6080246913580247, 0.6365740740740741, 0.6327160493827161, 0.6265432098765432, 0.6126543209876543, 0.6064814814814815, 0.6280864197530864, 0.6442901234567902, 0.6466049382716049, 0.6589506172839507, 0.6635802469135802, 0.6728395061728395, 0.6759259259259259, 0.6743827160493827, 0.6697530864197531, 0.6805555555555556, 0.6689814814814815, 0.683641975308642, 0.6820987654320988, 0.6944444444444444, 0.6790123456790124, 0.6859567901234568, 0.6712962962962963, 0.6643518518518519, 0.6635802469135802, 0.6882716049382716, 0.6936728395061729, 0.6520061728395061, 0.6774691358024691, 0.7067901234567902, 0.7229938271604939, 0.6967592592592593, 0.7253086419753086, 0.7546296296296297, 0.753858024691358, 0.7854938271604939, 0.7955246913580247, 0.8078703703703703, 0.8094135802469136, 0.8117283950617284, 0.8125, 0.8217592592592593, 0.8233024691358025, 0.8233024691358025, 0.8225308641975309, 0.8310185185185185, 0.841820987654321, 0.8533950617283951, 0.8672839506172839, 0.8695987654320988, 0.8695987654320988, 0.8996913580246914, 0.9020061728395061, 0.9074074074074074, 0.9158950617283951, 0.9020061728395061, 0.8865740740740741, 0.8834876543209876, 0.9035493827160493, 0.8819444444444444, 0.8834876543209876, 0.8904320987654321, 0.9035493827160493, 0.9035493827160493, 0.904320987654321, 0.9058641975308642, 0.9120370370370371, 0.9182098765432098, 0.9112654320987654, 0.9151234567901234, 0.9220679012345679, 0.9228395061728395, 0.9228395061728395, 0.9274691358024691, 0.9367283950617284, 0.9282407407407407, 0.9459876543209876, 0.9436728395061729, 0.9459876543209876, 0.9405864197530864, 0.9529320987654321, 0.9444444444444444, 0.9791666666666666, 0.9645061728395061, 0.9745370370370371, 0.9830246913580247, 0.9945987654320988, 0.9976851851851852, 0.996141975308642, 1.0], "loss": [0.6933164471461449, 0.6854015309133648, 0.6786474269113423, 0.6671256099218204, 0.6603378418051167, 0.6535195767143627, 0.6310215960314245, 0.6214326914445854, 0.6135736541983522, 0.6129232041629744, 0.6104051227922793, 0.6044594704368969, 0.603951256952168, 0.5987682592721633, 0.5964612754774682, 0.5903552049472008, 0.5744443594673534, 0.5675307056050242, 0.5565575773333326, 0.547217501534356, 0.5464300395529947, 0.5440083425722004, 0.5456471818464773, 0.5356284769964806, 0.5295674528604672, 0.5336075094011095, 0.5267980959680345, 0.5152045584019319, 0.5091490568938078, 0.5054972561789147, 0.5040341439070525, 0.4943655891182982, 0.49944914785432226, 0.483807279003991, 0.48127178719014296, 0.47335224387086466, 0.4667769103874395, 0.46428338760211146, 0.4684716996587353, 0.45338835686813167, 0.44405540272041605, 0.4402009410622679, 0.4310617711808946, 0.4263823444460645, 0.42120754608401545, 0.4089541909871278, 0.40001954487812375, 0.3926816549566057, 0.38796628183788723, 0.38344891866048175, 0.375673629987387, 0.36793097964039556, 0.36868130498462254, 0.36358836109255566, 0.3587914226967611, 0.3498867257141773, 0.33731183372897866, 0.3261924124794242, 0.3154855219670284, 0.30434241706942333, 0.29398460704603313, 0.28144174961396207, 0.26761547908370875, 0.2543465820727525, 0.24364624052871892, 0.23406790693600973, 0.22777704627793513, 0.2200261796882123, 0.21118319200144875, 0.22029894792739255, 0.22634009373040848, 0.2007095432943768, 0.18535216520597905, 0.183035350692125, 0.1815841405847926, 0.1728648359392896, 0.16867871030613227, 0.16320592155795038, 0.16403536259392162, 0.1594636400954591, 0.1519450248207575, 0.1503853001344351, 0.15062915450996822, 0.14703999284976793, 0.1414123010120274, 0.13674509792048253, 0.1332617954891405, 0.1300590694134618, 0.12741212684799125, 0.12484035456990018, 0.12191147559586867, 0.11680520436278095, 0.11263480269706544, 0.10765696358349588, 0.10677865359150333, 0.1000544068943939, 0.08454723582591539, 0.07753358845725472, 0.07441628692142757, 0.06260635142709002]}