{"acc": [0.5285493827160493, 0.5408950617283951, 0.558641975308642, 0.558641975308642, 0.5756172839506173, 0.5655864197530864, 0.5733024691358025, 0.5709876543209876, 0.5733024691358025, 0.5748456790123457, 0.5794753086419753, 0.6195987654320988, 0.5717592592592593, 0.6257716049382716, 0.5987654320987654, 0.6273148148148148, 0.6095679012345679, 0.6172839506172839, 0.6226851851851852, 0.6080246913580247, 0.6435185185185185, 0.6219135802469136, 0.6520061728395061, 0.6412037037037037, 0.6759259259259259, 0.658179012345679, 0.6898148148148148, 0.7191358024691358, 0.720679012345679, 0.6766975308641975, 0.7337962962962963, 0.7322530864197531, 0.7260802469135802, 0.7476851851851852, 0.7322530864197531, 0.7546296296296297, 0.7777777777777778, 0.7762345679012346, 0.7847222222222222, 0.7731481481481481, 0.7638888888888888, 0.7592592592592593, 0.7669753086419753, 0.7692901234567902, 0.7569444444444444, 0.8032407407407407, 0.7893518518518519, 0.8294753086419753, 0.8379629629629629, 0.8425925925925926, 0.8464506172839507, 0.8449074074074074, 0.8510802469135802, 0.8541666666666666, 0.8541666666666666, 0.8518518518518519, 0.8526234567901234, 0.8587962962962963, 0.8580246913580247, 0.8626543209876543, 0.8858024691358025, 0.8572530864197531, 0.8541666666666666, 0.8572530864197531, 0.8626543209876543, 0.8580246913580247, 0.8657407407407407, 0.871141975308642, 0.871141975308642, 0.8773148148148148, 0.8734567901234568, 0.8657407407407407, 0.8634259259259259, 0.8680555555555556, 0.8595679012345679, 0.8626543209876543, 0.8773148148148148, 0.8757716049382716, 0.8742283950617284, 0.8672839506172839, 0.8858024691358025, 0.8827160493827161, 0.8819444444444444, 0.8757716049382716, 0.8858024691358025, 0.8904320987654321, 0.8927469135802469, 0.9027777777777778, 0.8896604938271605, 0.8942901234567902, 0.9174382716049383, 0.9135802469135802, 0.9182098765432098, 0.9212962962962963, 0.9228395061728395, 0.9344135802469136, 0.9344135802469136, 0.9375, 0.9521604938271605, 0.9691358024691358, 0.9768518518518519, 0.9814814814814815, 0.9783950617283951, 0.9760802469135802, 1.0], "loss": [0.6897816746323197, 0.6882564962646107, 0.6809867752922906, 0.677900602788101, 0.6716095481389834, 0.6672557224462061, 0.6612992021772597, 0.6499813265270658, 0.6420502559638318, 0.6315908906636415, 0.6237289920265292, 0.6277632492559927, 0.6125652274967711, 0.6030310377662564, 0.6168574462702245, 0.5992218815250161, 0.5940842724140779, 0.5922225676936868, 0.5903235467863671, 0.5802014256701057, 0.5724254412415587, 0.5747638116648168, 0.5541464811489906, 0.5435418744146088, 0.5282306347364261, 0.5140421655442979, 0.49590642989417655, 0.4828170265680478, 0.4720102975397934, 0.4722817606396145, 0.45052438385692645, 0.44177261693978015, 0.437690430585249, 0.4280476297861264, 0.4225494688675727, 0.41499884334611303, 0.40175306392304694, 0.39732593003614447, 0.39003065044497265, 0.3825265448770405, 0.37938953586566593, 0.36991858666325794, 0.35726653499367794, 0.3491762008196042, 0.34057884525369714, 0.3340796905535239, 0.3322539885102967, 0.31749341958834804, 0.3041944783410908, 0.2989920333579735, 0.29182349678910807, 0.27950461779111696, 0.2741786789746932, 0.2686645734457322, 0.255917015818902, 0.2552397468207795, 0.2417473487647963, 0.24088678867728622, 0.23351416552876247, 0.22642939620547825, 0.22414613800284303, 0.2234856151504281, 0.2120141894729049, 0.21103923261901478, 0.2048916154437595, 0.2011576787925061, 0.1969386574662762, 0.19644840705541916, 0.19560488212255783, 0.1905677565086035, 0.18535036492494888, 0.186997840066015, 0.1813357733649972, 0.17882877717047563, 0.17762815841922053, 0.173868868637968, 0.17374998607017375, 0.17231848136878308, 0.17552901151371592, 0.16637700198241223, 0.16270303946954232, 0.16262666163621126, 0.1580915528315085, 0.15695900129683224, 0.15458483055785852, 0.15186713957860146, 0.15083428978184124, 0.14762945270832675, 0.14483893138391, 0.14421225633518195, 0.14054382307293975, 0.13908853391070425, 0.13668071469407023, 0.13756597479000504, 0.13834995288907745, 0.13167079271357737, 0.13535796422051427, 0.12986154550755466, 0.12245255147601351, 0.11691838263729472, 0.11427493908523041, 0.10566035409768422, 0.10018325707426777, 0.09450753373496326, 0.09015586806668176]}