{"acc": [0.5493827160493827, 0.558641975308642, 0.5601851851851852, 0.5787037037037037, 0.5771604938271605, 0.5540123456790124, 0.5825617283950617, 0.5972222222222222, 0.6134259259259259, 0.6049382716049383, 0.6234567901234568, 0.6126543209876543, 0.6280864197530864, 0.6859567901234568, 0.7029320987654321, 0.6998456790123457, 0.6905864197530864, 0.6805555555555556, 0.6990740740740741, 0.7345679012345679, 0.7276234567901234, 0.7291666666666666, 0.7361111111111112, 0.7137345679012346, 0.7283950617283951, 0.7700617283950617, 0.7399691358024691, 0.7523148148148148, 0.7708333333333334, 0.7939814814814815, 0.8225308641975309, 0.8827160493827161, 0.9251543209876543, 0.9660493827160493, 0.9861111111111112, 0.9938271604938271, 0.9868827160493827, 1.0], "loss": [0.6929307256215884, 0.6828888360364938, 0.6791366993645092, 0.6707235769725141, 0.6693960062147658, 0.6529082356043804, 0.6362336542871263, 0.6138690101143754, 0.6063982079058517, 0.5931207698620395, 0.5795953187309666, 0.5675078950546406, 0.5543391500358228, 0.5280217863159415, 0.5107652841158855, 0.4931941829897739, 0.472741065017971, 0.45737044090106166, 0.4295589824517568, 0.40543702865640324, 0.40344667089758096, 0.3882051701714963, 0.3716397805392374, 0.4152333545096127, 0.3626027665744869, 0.34514254536249755, 0.334416271129876, 0.3277599135482753, 0.31211641222744446, 0.29636546402571745, 0.27957027603262735, 0.2501653958123499, 0.2303006872419774, 0.19215853492740864, 0.16122423865498953, 0.12270099507000895, 0.1467132652523341, 0.07643477562355039]}