{"acc": [0.49228395061728397, 0.5486111111111112, 0.5486111111111112, 0.5648148148148148, 0.5810185185185185, 0.5686728395061729, 0.5779320987654321, 0.6041666666666666, 0.5949074074074074, 0.5987654320987654, 0.6257716049382716, 0.6180555555555556, 0.625, 0.6358024691358025, 0.6257716049382716, 0.6504629629629629, 0.6535493827160493, 0.6435185185185185, 0.6766975308641975, 0.6743827160493827, 0.6882716049382716, 0.7152777777777778, 0.7214506172839507, 0.7422839506172839, 0.7391975308641975, 0.7469135802469136, 0.7770061728395061, 0.7947530864197531, 0.8225308641975309, 0.8595679012345679, 0.8757716049382716, 0.9027777777777778, 0.8834876543209876, 0.9089506172839507, 0.9143518518518519, 0.9143518518518519, 0.9166666666666666, 0.9035493827160493, 0.8996913580246914, 0.9189814814814815, 0.9143518518518519, 0.9197530864197531, 0.9212962962962963, 0.9274691358024691, 0.9290123456790124, 0.9436728395061729, 0.9737654320987654, 0.9799382716049383, 0.9861111111111112, 0.9429012345679012, 0.8001543209876543, 0.9544753086419753, 0.9969135802469136, 0.9984567901234568, 0.996141975308642, 0.9992283950617284, 0.9560185185185185, 1.0], "loss": [0.6962677853894822, 0.688907849797864, 0.6846623527415004, 0.6790041649415169, 0.6736698516725023, 0.6665015308715311, 0.6579397852176133, 0.6412687450072464, 0.6300251711573865, 0.6220265219080043, 0.6151777144618475, 0.6117217473999775, 0.6034416581326549, 0.5856670985428056, 0.5785137753566744, 0.5496110262197081, 0.5381972926074307, 0.517648982645296, 0.49638663784853804, 0.5005541518080077, 0.4865293546568895, 0.465724799928602, 0.462682313218806, 0.43630813851373595, 0.42126535304503054, 0.42132689687725494, 0.38973621572757144, 0.3596181592230737, 0.33224297276474735, 0.30142794052340693, 0.2723681602946616, 0.24276497412500184, 0.2624777977250855, 0.2054135458778139, 0.19746949557128843, 0.18923320748306996, 0.1790486343718675, 0.19585282683316213, 0.250798798129362, 0.1638864425016728, 0.18054672990060033, 0.1524189333704541, 0.14634638662882737, 0.14465805871060428, 0.14833355823606773, 0.1382872572601892, 0.1079545747752093, 0.09559889041713121, 0.09215360383339986, 0.26942912985359807, 0.4552217028916359, 0.13327794419683409, 0.09067638687407241, 0.08268221240004017, 0.06786109312832961, 0.05779786933816353, 0.15787673701979502, 0.036539833989550935]}