{"acc": [0.5347222222222222, 0.5563271604938271, 0.5478395061728395, 0.5756172839506173, 0.5787037037037037, 0.5856481481481481, 0.6026234567901234, 0.6095679012345679, 0.6234567901234568, 0.6257716049382716, 0.6844135802469136, 0.7129629629629629, 0.6604938271604939, 0.7145061728395061, 0.7145061728395061, 0.7307098765432098, 0.7507716049382716, 0.7592592592592593, 0.7739197530864198, 0.7847222222222222, 0.8333333333333334, 0.8495370370370371, 0.8402777777777778, 0.9066358024691358, 0.9274691358024691, 0.9483024691358025, 0.9521604938271605, 0.9830246913580247, 0.9915123456790124, 0.970679012345679, 1.0], "loss": [0.6924037681317624, 0.6852092642659022, 0.6795158398648103, 0.6640040247160711, 0.6504565956599918, 0.6233403665462026, 0.5910792246785728, 0.5727330156060131, 0.5459860478354299, 0.5554231353709367, 0.5381688019180818, 0.4994484215504307, 0.5035158871406884, 0.444647416891517, 0.43065893797866145, 0.40862627035936505, 0.4023841395287659, 0.3597801566384925, 0.3558639775071511, 0.3342968089433428, 0.2996351207839017, 0.2907112511858922, 0.338392951195972, 0.24058313783667606, 0.21128230660895758, 0.1661674141846398, 0.1656665744899889, 0.10234657065820388, 0.07674810098499213, 0.10813183536613974, 0.03622501154069864]}