{"acc": [0.5239197530864198, 0.5594135802469136, 0.5524691358024691, 0.5779320987654321, 0.6018518518518519, 0.6103395061728395, 0.6111111111111112, 0.6296296296296297, 0.6203703703703703, 0.6311728395061729, 0.6234567901234568, 0.6319444444444444, 0.6319444444444444, 0.628858024691358, 0.6188271604938271, 0.6319444444444444, 0.6327160493827161, 0.6342592592592593, 0.6489197530864198, 0.6820987654320988, 0.6813271604938271, 0.6604938271604939, 0.654320987654321, 0.6635802469135802, 0.6520061728395061, 0.6404320987654321, 0.6604938271604939, 0.6458333333333334, 0.6597222222222222, 0.6604938271604939, 0.7067901234567902, 0.6558641975308642, 0.6952160493827161, 0.6604938271604939, 0.6790123456790124, 0.6774691358024691, 0.6689814814814815, 0.6921296296296297, 0.6990740740740741, 0.683641975308642, 0.6720679012345679, 0.7152777777777778, 0.6898148148148148, 0.6759259259259259, 0.6905864197530864, 0.7291666666666666, 0.6959876543209876, 0.6967592592592593, 0.7191358024691358, 0.7291666666666666, 0.7299382716049383, 0.7330246913580247, 0.7507716049382716, 0.7515432098765432, 0.7862654320987654, 0.8317901234567902, 0.8094135802469136, 0.7561728395061729, 0.8055555555555556, 0.7808641975308642, 0.7978395061728395, 0.7638888888888888, 0.7669753086419753, 0.7700617283950617, 0.7870370370370371, 0.7677469135802469, 0.7754629629629629, 0.8032407407407407, 0.7885802469135802, 0.8009259259259259, 0.7893518518518519, 0.8186728395061729, 0.8132716049382716, 0.8287037037037037, 0.8248456790123457, 0.8395061728395061, 0.8371913580246914, 0.8626543209876543, 0.8425925925925926, 0.8503086419753086, 0.8526234567901234, 0.8858024691358025, 0.8703703703703703, 0.8626543209876543, 0.875, 0.875, 0.9004629629629629, 0.9004629629629629, 0.8973765432098766, 0.9089506172839507, 0.9128086419753086, 0.9189814814814815, 0.9236111111111112, 0.9375, 0.9490740740740741, 0.9637345679012346, 0.9776234567901234, 0.9699074074074074, 0.9861111111111112, 0.9768518518518519, 0.9915123456790124, 0.9930555555555556, 0.9945987654320988, 0.996141975308642, 0.9976851851851852, 0.996141975308642, 1.0], "loss": [0.6925118447821818, 0.6825552111790504, 0.6785228988270701, 0.6568944755895638, 0.6327820552719964, 0.6186879652517813, 0.617022896990364, 0.6115312381291095, 0.610792573587394, 0.6066166515703555, 0.6009034359896624, 0.5859292241526238, 0.5761515203817391, 0.5757688059483046, 0.5744699350109806, 0.5666812165283862, 0.5617677709202707, 0.5597568868119039, 0.5534420212109884, 0.5445898171560264, 0.5398741165796915, 0.5352721571186443, 0.538269900245431, 0.5312253619417732, 0.523416954058188, 0.5252571083881237, 0.5219488250620571, 0.505852151800085, 0.5158190164301131, 0.5066145437735098, 0.5049297478463914, 0.49689136574297776, 0.4901236899105119, 0.5007356375823786, 0.4916334534868782, 0.4832534267578596, 0.4779961425581096, 0.4750452792202985, 0.473071578844094, 0.46503706331606265, 0.4603338153273971, 0.45506340154895075, 0.4542127516534593, 0.4483863913718565, 0.44302559634785593, 0.4431029602333351, 0.43607619441585777, 0.4315842570346079, 0.4279345457936511, 0.4256417394420247, 0.42010005057593924, 0.4159963094157937, 0.40603742003440857, 0.4041578666663464, 0.4005947466249819, 0.39394766018714433, 0.3900348522044994, 0.3873039675347599, 0.3812702780152545, 0.38058928354286853, 0.3766831678372842, 0.37577397955788505, 0.3712454850291028, 0.3635379197420897, 0.3581390075477553, 0.353486023567341, 0.3450933367381861, 0.34461916228871287, 0.3362251744594103, 0.33492535205534946, 0.31658881314006854, 0.3122539593849653, 0.30008450628798683, 0.29904831927499653, 0.28611928555700517, 0.28000070173063396, 0.26935841345492706, 0.25756117204825085, 0.26228687627080044, 0.25345607267485726, 0.2401338662998176, 0.2387107441454758, 0.24270045702104215, 0.23288018707139993, 0.21631872985098097, 0.204057976603508, 0.19913716227919967, 0.19317545429056074, 0.1850559702258051, 0.18017048140366873, 0.17588429594481433, 0.16598172770974076, 0.15963090266342517, 0.15803497827347415, 0.15069380788891404, 0.14407971519746898, 0.1350168055958218, 0.12486073190783277, 0.11986353680675413, 0.11965300253144016, 0.10661137287999377, 0.10339203614879537, 0.08773515943759753, 0.07703845097142974, 0.0725936872171767, 0.064612027855567, 0.05516552299629023]}