{"acc": [0.4444444444444444, 0.4976851851851852, 0.5648148148148148, 0.5648148148148148, 0.5486111111111112, 0.5555555555555556, 0.5462962962962963, 0.5740740740740741, 0.5648148148148148, 0.5694444444444444, 0.5416666666666666, 0.5625, 0.5671296296296297, 0.5694444444444444, 0.5671296296296297, 0.5787037037037037, 0.5671296296296297, 0.6018518518518519, 0.5763888888888888, 0.5763888888888888, 0.5949074074074074, 0.5833333333333334, 0.5763888888888888, 0.5601851851851852, 0.5648148148148148, 0.5810185185185185, 0.5787037037037037, 0.6087962962962963, 0.5949074074074074, 0.6296296296296297, 0.6643518518518519, 0.6851851851851852, 0.6898148148148148, 0.7175925925925926, 0.6643518518518519, 0.7152777777777778, 0.7013888888888888, 0.7245370370370371, 0.7083333333333334, 0.7083333333333334, 0.7129629629629629, 0.7245370370370371, 0.7245370370370371, 0.7175925925925926, 0.7060185185185185, 0.7384259259259259, 0.7592592592592593, 0.7754629629629629, 0.7476851851851852, 0.7800925925925926, 0.7662037037037037, 0.8032407407407407, 0.7708333333333334, 0.7662037037037037, 0.7962962962962963, 0.7916666666666666, 0.8240740740740741, 0.8217592592592593, 0.8240740740740741, 0.8194444444444444, 0.8194444444444444, 0.7685185185185185, 0.8402777777777778, 0.8287037037037037, 0.8518518518518519, 0.8379629629629629, 0.8495370370370371, 0.8657407407407407, 0.8449074074074074, 0.8587962962962963, 0.8726851851851852, 0.8657407407407407, 0.8611111111111112, 0.8935185185185185, 0.8703703703703703, 0.8611111111111112, 0.8796296296296297, 0.8842592592592593, 0.9074074074074074, 0.9166666666666666, 0.9143518518518519, 0.9050925925925926, 0.8981481481481481, 0.9166666666666666, 0.8981481481481481, 0.9166666666666666, 0.8935185185185185, 0.8865740740740741, 0.9166666666666666, 0.9212962962962963, 0.9444444444444444, 0.9606481481481481, 0.9444444444444444, 0.9699074074074074, 0.9722222222222222, 0.9699074074074074, 0.9675925925925926, 0.9953703703703703, 0.9930555555555556, 0.9953703703703703, 0.9976851851851852, 1.0], "loss": [0.7032480308855021, 0.6935981685916582, 0.6885212771594524, 0.6872485542186985, 0.6874122445782026, 0.6800744127896097, 0.6813762775725789, 0.6755421623863556, 0.6776343948311276, 0.6731910493086886, 0.6763043192525705, 0.6696582940165643, 0.6663277553463424, 0.6648686528205872, 0.6643061501284441, 0.6558722747420823, 0.6608247832843551, 0.6520504992179297, 0.6516888965335157, 0.6452763736661937, 0.632321813799165, 0.6272667894760767, 0.6188483837371072, 0.6071246093552973, 0.5965056560968084, 0.5914678863525666, 0.5819076482654998, 0.57083297305292, 0.5544869542225368, 0.5471926510648767, 0.5439493660562422, 0.5421767558436841, 0.5287396737883143, 0.5149244976023005, 0.5479770023623671, 0.5107049426771011, 0.5136881890216753, 0.4905321821357507, 0.4843842145820855, 0.4742317462663929, 0.48063372177336905, 0.4559514110227593, 0.45299433854934584, 0.4495820009084397, 0.43287763999628454, 0.4360577140073137, 0.4112559809746543, 0.41033404331554196, 0.4064802287201154, 0.3895727818829376, 0.39352454328846526, 0.37735210738315395, 0.37710946608182944, 0.3723231195368431, 0.376760904630884, 0.3533087874206508, 0.3351832152091582, 0.3379800306454315, 0.32635682120302656, 0.32351091797964826, 0.31731709440282435, 0.4488144892037361, 0.3310534175197109, 0.30922244659987697, 0.30163541893428686, 0.29916041262950555, 0.2853729971285685, 0.2840865701956335, 0.2915054274020366, 0.28245525807613214, 0.2636011696635971, 0.2897098378797556, 0.2885063406052151, 0.2498842113591056, 0.30484518601996163, 0.2684311272162261, 0.2595717189605812, 0.25007295465019125, 0.22047581083350248, 0.2073807463885068, 0.20372378961565013, 0.21790172052815426, 0.19379873218645957, 0.18552551476334525, 0.1992209070671283, 0.1742653409264592, 0.2797622408959911, 0.26057057893193053, 0.16163988652190003, 0.16152423463631538, 0.13720396916472033, 0.1385760295224491, 0.1490883504873393, 0.11494141506033095, 0.11759440073916079, 0.11640281858344306, 0.11333705124208748, 0.0898246379272061, 0.07321079036996629, 0.06495965722226593, 0.05425601912874205, 0.045278312103977925]}