{"acc": [0.47685185185185186, 0.49074074074074076, 0.5231481481481481, 0.5277777777777778, 0.5185185185185185, 0.5208333333333334, 0.5601851851851852, 0.5694444444444444, 0.5625, 0.5462962962962963, 0.5740740740740741, 0.5833333333333334, 0.5578703703703703, 0.5648148148148148, 0.5648148148148148, 0.5740740740740741, 0.5902777777777778, 0.6064814814814815, 0.5833333333333334, 0.6111111111111112, 0.6342592592592593, 0.5949074074074074, 0.5856481481481481, 0.6134259259259259, 0.6203703703703703, 0.6365740740740741, 0.6342592592592593, 0.6111111111111112, 0.6319444444444444, 0.6226851851851852, 0.6273148148148148, 0.6342592592592593, 0.6296296296296297, 0.6388888888888888, 0.6365740740740741, 0.6203703703703703, 0.6226851851851852, 0.5972222222222222, 0.625, 0.6296296296296297, 0.6157407407407407, 0.6689814814814815, 0.6620370370370371, 0.6967592592592593, 0.6736111111111112, 0.6828703703703703, 0.6759259259259259, 0.6712962962962963, 0.6736111111111112, 0.6898148148148148, 0.7361111111111112, 0.7129629629629629, 0.7430555555555556, 0.7245370370370371, 0.7430555555555556, 0.7013888888888888, 0.7337962962962963, 0.7291666666666666, 0.75, 0.7291666666666666, 0.7731481481481481, 0.7291666666666666, 0.7546296296296297, 0.7430555555555556, 0.7314814814814815, 0.7569444444444444, 0.75, 0.7731481481481481, 0.7337962962962963, 0.7337962962962963, 0.7569444444444444, 0.75, 0.7569444444444444, 0.7384259259259259, 0.7569444444444444, 0.7662037037037037, 0.8101851851851852, 0.7800925925925926, 0.8194444444444444, 0.8240740740740741, 0.8240740740740741, 0.8518518518518519, 0.8472222222222222, 0.8541666666666666, 0.8634259259259259, 0.8657407407407407, 0.8611111111111112, 0.8680555555555556, 0.875, 0.8564814814814815, 0.875, 0.875, 0.8634259259259259, 0.875, 0.8865740740740741, 0.8703703703703703, 0.8981481481481481, 0.8796296296296297, 0.8888888888888888, 0.8796296296296297, 0.9120370370370371, 0.9166666666666666, 0.9236111111111112, 0.9351851851851852, 0.9375, 0.9722222222222222, 0.9930555555555556, 0.9837962962962963, 0.9328703703703703, 0.9861111111111112, 1.0], "loss": [0.7023501340989713, 0.6933379515453622, 0.6932665369024983, 0.6897943902898718, 0.6897263121273782, 0.6859076777818026, 0.6856334183227133, 0.6816996857523918, 0.6822120599724628, 0.6786165510614713, 0.6763679132693343, 0.6744771859160176, 0.6743914149701595, 0.6654702612647304, 0.6617371072923696, 0.6490959761733258, 0.645376763134091, 0.6382567402389314, 0.6393969855788681, 0.6313873672150765, 0.6235366623710703, 0.6183101961009756, 0.6150103808829078, 0.6130254666700408, 0.6086055079514928, 0.6050519198869113, 0.6018156458244279, 0.5986352605762443, 0.5974888270257334, 0.5962027239276924, 0.5872687382905968, 0.5870358697766614, 0.5792173962000999, 0.5739396242157893, 0.5790148986063152, 0.5630175260766582, 0.5631694665385617, 0.5614227328828916, 0.5427824883307848, 0.5377788747411816, 0.5208501332533868, 0.521538416050168, 0.5175102822205291, 0.5104949101072701, 0.49862057683801847, 0.5003232404582276, 0.4769971679691278, 0.4744743684943252, 0.4673131334889317, 0.455735718939212, 0.4366493343722713, 0.42904209061221416, 0.41891756393791485, 0.4370985389428422, 0.4145321734443954, 0.4339504280113336, 0.4482315750695862, 0.4183430209264366, 0.40769649357578064, 0.3874072273727641, 0.41791715246160943, 0.40370334112505557, 0.3782324666687092, 0.37088040159842756, 0.38972854214752173, 0.37117132405278463, 0.3630502351200751, 0.35803356888585075, 0.37423046641544455, 0.3842487969323648, 0.3422316866255924, 0.3530581821151633, 0.350991484569763, 0.36632361271799213, 0.3319053727450599, 0.3183471561483034, 0.3030131937360889, 0.3106815419748649, 0.2834976133804218, 0.28355734243946895, 0.3192470655546999, 0.2613694752646924, 0.2449871641993745, 0.25154185520096306, 0.24528045421316735, 0.2316856412835709, 0.22011573125645467, 0.21422003878391316, 0.22496089614419285, 0.22668471079397812, 0.1890583772318903, 0.18114296060097074, 0.21677287506580423, 0.20381228644536928, 0.17658311622905998, 0.17267184231691549, 0.1529688758602149, 0.1510665475027509, 0.20169555983463605, 0.16886034586264886, 0.14480317986756422, 0.1434798399608537, 0.1313379358653202, 0.12402406713605786, 0.11978713232705711, 0.10932787252097491, 0.09282151796508993, 0.10418345694594684, 0.22740136523152485, 0.10101338792023601, 0.07554857348944947]}