{"acc": [0.5169753086419753, 0.5439814814814815, 0.5478395061728395, 0.5617283950617284, 0.5686728395061729, 0.5702160493827161, 0.5671296296296297, 0.5841049382716049, 0.6057098765432098, 0.6018518518518519, 0.6049382716049383, 0.6157407407407407, 0.6157407407407407, 0.625, 0.6242283950617284, 0.6597222222222222, 0.6751543209876543, 0.6967592592592593, 0.6998456790123457, 0.720679012345679, 0.7322530864197531, 0.7445987654320988, 0.7445987654320988, 0.7584876543209876, 0.7399691358024691, 0.7646604938271605, 0.7469135802469136, 0.7754629629629629, 0.7816358024691358, 0.8155864197530864, 0.8240740740740741, 0.8341049382716049, 0.8587962962962963, 0.8695987654320988, 0.8796296296296297, 0.8811728395061729, 0.8773148148148148, 0.9020061728395061, 0.8811728395061729, 0.9120370370370371, 0.9135802469135802, 0.9205246913580247, 0.9205246913580247, 0.9344135802469136, 0.9544753086419753, 0.9675925925925926, 0.970679012345679, 0.9799382716049383, 0.9621913580246914, 0.996141975308642, 0.9938271604938271, 0.9976851851851852, 0.9953703703703703, 0.9691358024691358, 1.0], "loss": [0.6944708224431968, 0.6880561994549669, 0.6834575888919242, 0.6778786510781005, 0.670542808962457, 0.6604834961486451, 0.6462945901317361, 0.6358021433338706, 0.6222375012290331, 0.6139701920343034, 0.60837884587207, 0.5990682911173797, 0.589175441428835, 0.5761439403358065, 0.5520272184577253, 0.5312168325217049, 0.5107704308803802, 0.5011135154162292, 0.4805981833947661, 0.46234757239343943, 0.4493681660703855, 0.4360244520250018, 0.4454601141911598, 0.42043078083682944, 0.3987459611351728, 0.377455744652342, 0.3717765085381904, 0.35145170243318985, 0.34687019499984606, 0.3215536946289954, 0.33278843207302056, 0.2965451255009544, 0.2811116812618472, 0.2652387964919376, 0.24658851076692148, 0.2216448598942126, 0.20695775325473306, 0.19015799658042437, 0.21834543683705565, 0.16957773074412857, 0.16169667544095262, 0.1525943620642162, 0.14730441357042529, 0.13688710737466112, 0.12585671827840952, 0.11581974395210884, 0.10959982897944473, 0.10015723050374045, 0.12342054994169414, 0.07866836076701239, 0.06896772929667912, 0.05826877718758355, 0.052431511346757935, 0.1251733992826808, 0.03672655541339299]}