{"acc": [0.48919753086419754, 0.5694444444444444, 0.5771604938271605, 0.5725308641975309, 0.5825617283950617, 0.5617283950617284, 0.5864197530864198, 0.591820987654321, 0.6126543209876543, 0.6103395061728395, 0.6195987654320988, 0.6180555555555556, 0.6674382716049383, 0.6875, 0.6604938271604939, 0.6905864197530864, 0.7021604938271605, 0.6844135802469136, 0.7330246913580247, 0.7152777777777778, 0.7245370370370371, 0.7330246913580247, 0.7330246913580247, 0.7469135802469136, 0.7067901234567902, 0.7623456790123457, 0.7723765432098766, 0.7816358024691358, 0.7939814814814815, 0.7762345679012346, 0.7986111111111112, 0.8117283950617284, 0.8194444444444444, 0.7970679012345679, 0.8294753086419753, 0.8649691358024691, 0.8950617283950617, 0.7824074074074074, 0.8248456790123457, 0.8217592592592593, 0.7924382716049383, 0.8402777777777778, 0.8495370370370371, 0.8726851851851852, 0.8564814814814815, 0.8510802469135802, 0.7253086419753086, 0.7800925925925926, 0.808641975308642, 0.8325617283950617, 0.7623456790123457, 0.8148148148148148, 0.8487654320987654, 0.8680555555555556, 0.8472222222222222, 0.9020061728395061, 0.9251543209876543, 0.9197530864197531, 0.9313271604938271, 0.9436728395061729, 0.9753086419753086, 0.9953703703703703, 0.9891975308641975, 0.9938271604938271, 1.0], "loss": [0.6966034499583421, 0.6852544764125789, 0.6795751993302945, 0.6744044691692164, 0.6676459003837756, 0.6619215552453641, 0.6403047347234355, 0.6153025469846196, 0.6061965026748999, 0.5959184003139079, 0.5829060924312036, 0.556722726135006, 0.536963535821772, 0.512082164781967, 0.5163081435445163, 0.4726123496086894, 0.46383244161888854, 0.44907083528660663, 0.42556696610270145, 0.41469782941371874, 0.4066226044515779, 0.39445507818940123, 0.3873272050689075, 0.3793542537406291, 0.47006303494267376, 0.37650225346955457, 0.37024439834739536, 0.35109910778628484, 0.35237913175444857, 0.3657623749046721, 0.349532147814684, 0.32436731204223923, 0.3159979012124106, 0.35591358740626866, 0.299407466364984, 0.2747156702051887, 0.24388302592562602, 0.4359302788600449, 0.3757435959120566, 0.3711679817956484, 0.3948552228085923, 0.32361193542464456, 0.2909187630627373, 0.2674953258755056, 0.28524466994920306, 0.28875729264172645, 0.49784981558182917, 0.4030328863362283, 0.35339711541200847, 0.32214184927559075, 0.4579279015651888, 0.35866389888371747, 0.3007382438721445, 0.2523757541396653, 0.31356509265133753, 0.2143233300135548, 0.1691681254936003, 0.16955734538358117, 0.1496067930274704, 0.13572724260120483, 0.09975392506804091, 0.0654540373677971, 0.05764146989655258, 0.04900903829181595, 0.016474315683752693]}