{"acc": [0.48842592592592593, 0.5208333333333334, 0.5208333333333334, 0.5509259259259259, 0.5324074074074074, 0.5578703703703703, 0.5532407407407407, 0.5763888888888888, 0.5555555555555556, 0.5763888888888888, 0.5648148148148148, 0.5555555555555556, 0.5833333333333334, 0.5625, 0.5810185185185185, 0.5509259259259259, 0.5509259259259259, 0.5509259259259259, 0.5787037037037037, 0.5879629629629629, 0.5856481481481481, 0.6157407407407407, 0.6180555555555556, 0.6111111111111112, 0.6087962962962963, 0.6226851851851852, 0.6134259259259259, 0.6203703703703703, 0.6273148148148148, 0.5995370370370371, 0.6226851851851852, 0.6296296296296297, 0.6365740740740741, 0.6203703703703703, 0.6087962962962963, 0.625, 0.6412037037037037, 0.6643518518518519, 0.6805555555555556, 0.6689814814814815, 0.6921296296296297, 0.6782407407407407, 0.6805555555555556, 0.6875, 0.6689814814814815, 0.7013888888888888, 0.7152777777777778, 0.7013888888888888, 0.6782407407407407, 0.6967592592592593, 0.7106481481481481, 0.6921296296296297, 0.6921296296296297, 0.6898148148148148, 0.7314814814814815, 0.7060185185185185, 0.6736111111111112, 0.7222222222222222, 0.7037037037037037, 0.7106481481481481, 0.7361111111111112, 0.7361111111111112, 0.7384259259259259, 0.7546296296296297, 0.7615740740740741, 0.7546296296296297, 0.7662037037037037, 0.7615740740740741, 0.8009259259259259, 0.7638888888888888, 0.7453703703703703, 0.7962962962962963, 0.7939814814814815, 0.7939814814814815, 0.7962962962962963, 0.8171296296296297, 0.8171296296296297, 0.7916666666666666, 0.8194444444444444, 0.8263888888888888, 0.6597222222222222, 0.6550925925925926, 0.6875, 0.7245370370370371, 0.6759259259259259, 0.6226851851851852, 0.6712962962962963, 0.6458333333333334, 0.6805555555555556, 0.6689814814814815, 0.7407407407407407, 0.7337962962962963, 0.6828703703703703, 0.7199074074074074, 0.7129629629629629, 0.7800925925925926, 0.7870370370370371, 0.7754629629629629, 0.7893518518518519, 0.7222222222222222, 0.7615740740740741, 0.7592592592592593, 0.7314814814814815, 0.8310185185185185, 0.8032407407407407, 0.8379629629629629, 0.8356481481481481, 0.8726851851851852, 0.8703703703703703, 0.8773148148148148, 0.8981481481481481, 0.9166666666666666, 0.9097222222222222, 0.9097222222222222, 0.9375, 0.9490740740740741, 0.9537037037037037, 0.9745370370370371, 0.9930555555555556, 0.9884259259259259, 0.9884259259259259, 0.9791666666666666, 0.9907407407407407, 1.0], "loss": [0.7001779714116344, 0.6906030600269636, 0.690733617240632, 0.6894444544558171, 0.6877701726776583, 0.6830521968227846, 0.6819793056282732, 0.6816303342304848, 0.6819554491451493, 0.6763154025431033, 0.6753460759366, 0.6730578337554578, 0.6689253443921054, 0.6658684306398586, 0.6608082098817384, 0.6627639834251668, 0.6515231640250595, 0.642789963149914, 0.6359560568299558, 0.6200154763473956, 0.6182810633908957, 0.6114483909095051, 0.6051477419678122, 0.6098907178427369, 0.6047144095958814, 0.6034724739966569, 0.6024163937653173, 0.5992110209535221, 0.5918538935818813, 0.593041875058757, 0.5851974936522311, 0.5830019810959196, 0.578427610268894, 0.5747490267924689, 0.5605070887165008, 0.5515435987504639, 0.5665308593910352, 0.5361791728549482, 0.531835793276076, 0.5185728751176039, 0.5078729950779504, 0.4991682352569308, 0.5166832760830099, 0.4814257988938927, 0.48631545389502273, 0.46934309280661385, 0.46001471583278747, 0.46065997148205867, 0.4531438730007856, 0.43599580075910865, 0.43826173553996767, 0.4312609621340892, 0.4636119190491391, 0.40841994947630966, 0.4141894487295014, 0.41576036761674856, 0.46234366951914785, 0.401524054382379, 0.43059503414492106, 0.41564581547411344, 0.38665499893627214, 0.38485016041141973, 0.391256963203872, 0.36612738792284827, 0.37091288553131607, 0.37214636956621316, 0.3592413397250369, 0.3599295512599551, 0.36740123932988217, 0.3471634346221401, 0.424399913375897, 0.3485956776698914, 0.33289494763136646, 0.3294112400095249, 0.32421862764237663, 0.3213693976847733, 0.3096367879584681, 0.30932344873771306, 0.30260068937935075, 0.2917542836720355, 0.5684793625090305, 0.5385060517383744, 0.49790359392966105, 0.47049566196748316, 0.48798754416391066, 0.5820402278957233, 0.5400258112653807, 0.6202409799723817, 0.48473408258293416, 0.45735296648564827, 0.43009720532999957, 0.4395359885919014, 0.47417347204755816, 0.4594890451409339, 0.4488982652210662, 0.4115267784761095, 0.39705098183363857, 0.3869493440662929, 0.3784710570250094, 0.4458538415753235, 0.38713191579312495, 0.37440750830260355, 0.39635894252184983, 0.30971729294404643, 0.2983080675905041, 0.2905584127272, 0.302647323579268, 0.2743208622376239, 0.26685031525684516, 0.2529571555474932, 0.25051163968298296, 0.2325642672992261, 0.22865652087315602, 0.20278571673608148, 0.18279625009595363, 0.1668647227013734, 0.15738117248181743, 0.1520788672072287, 0.11987055740837184, 0.10051614939580186, 0.10314002818598021, 0.13255676673820643, 0.09184278695412697, 0.0485418887306177]}