{"acc": [0.49459876543209874, 0.5015432098765432, 0.5648148148148148, 0.5570987654320988, 0.5570987654320988, 0.5709876543209876, 0.5787037037037037, 0.5733024691358025, 0.5709876543209876, 0.5717592592592593, 0.5779320987654321, 0.5794753086419753, 0.6126543209876543, 0.6188271604938271, 0.6003086419753086, 0.6373456790123457, 0.6373456790123457, 0.625, 0.6296296296296297, 0.6412037037037037, 0.6242283950617284, 0.6172839506172839, 0.6342592592592593, 0.6404320987654321, 0.6520061728395061, 0.6705246913580247, 0.6820987654320988, 0.7006172839506173, 0.7114197530864198, 0.7214506172839507, 0.6983024691358025, 0.7237654320987654, 0.7106481481481481, 0.7283950617283951, 0.7307098765432098, 0.7469135802469136, 0.7523148148148148, 0.7554012345679012, 0.7615740740740741, 0.7646604938271605, 0.7847222222222222, 0.8032407407407407, 0.7785493827160493, 0.8047839506172839, 0.7993827160493827, 0.7754629629629629, 0.7916666666666666, 0.7654320987654321, 0.7723765432098766, 0.7669753086419753, 0.7600308641975309, 0.7592592592592593, 0.7569444444444444, 0.7592592592592593, 0.7584876543209876, 0.7592592592592593, 0.7577160493827161, 0.7592592592592593, 0.7569444444444444, 0.7569444444444444, 0.7600308641975309, 0.7608024691358025, 0.7577160493827161, 0.7623456790123457, 0.7669753086419753, 0.7615740740740741, 0.7577160493827161, 0.7746913580246914, 0.7592592592592593, 0.7654320987654321, 0.7623456790123457, 0.7700617283950617, 0.7854938271604939, 0.7723765432098766, 0.7924382716049383, 0.7970679012345679, 0.7916666666666666, 0.8248456790123457, 0.8503086419753086, 0.8379629629629629, 0.8364197530864198, 0.8449074074074074, 0.8780864197530864, 0.8811728395061729, 0.8665123456790124, 0.8703703703703703, 0.8618827160493827, 0.8719135802469136, 0.8973765432098766, 0.8850308641975309, 0.8695987654320988, 0.9004629629629629, 0.8834876543209876, 0.8973765432098766, 0.9027777777777778, 0.9629629629629629, 0.9945987654320988, 0.9984567901234568, 1.0], "loss": [0.6984872810634566, 0.6941030650963018, 0.6870058598341765, 0.6803644218562562, 0.6780343261765845, 0.6803561088479595, 0.6721130190072236, 0.6665853144210062, 0.6579457550872991, 0.6492142073902083, 0.6395260257485472, 0.6308116103396003, 0.6193548617539583, 0.6114282549163441, 0.6074695852067735, 0.5996575223075019, 0.5928189217308422, 0.5896006395787369, 0.5814804780630418, 0.5780553891335005, 0.5799081377041193, 0.5658634488965258, 0.5507811550740842, 0.5418333499519913, 0.5312362909317017, 0.5165417676354632, 0.5108408633573556, 0.4993183737919654, 0.4875973536644453, 0.4778981186725475, 0.47044984720371386, 0.46064707379282255, 0.45854028029206356, 0.448214676645067, 0.43983327680163914, 0.43639818606553255, 0.43050649063086804, 0.42229790341706924, 0.4217609777862643, 0.41759498766910885, 0.4057633840007546, 0.40769462011478563, 0.3998460872673694, 0.39178154829107686, 0.3884698259241787, 0.3850480674961467, 0.3784476812974906, 0.3790706046569495, 0.37339319159955153, 0.3695908389341684, 0.36843083302179974, 0.3624148229022085, 0.35999186980871506, 0.3580420639043973, 0.355535810376391, 0.3538452151380939, 0.3515550700234778, 0.34723586800657674, 0.34455597547837247, 0.3432510370089684, 0.3404225824791708, 0.3378087444069945, 0.3366742660234004, 0.33384648075810186, 0.33162223188965406, 0.3274717667588481, 0.32375878831486643, 0.3240020620970078, 0.3191369797712491, 0.31339739281454204, 0.3089444821263537, 0.3060074404433922, 0.30283981561660767, 0.30015008096341733, 0.2947394340126603, 0.29269034737422145, 0.28875125926217915, 0.2852503539603434, 0.27998314926653733, 0.2746235632602079, 0.2711900586699262, 0.26826018573325355, 0.2610062187836494, 0.2557468381192949, 0.2514636465060858, 0.24990662711637993, 0.2377276459225902, 0.234725871939718, 0.2277452149140982, 0.2212680420021952, 0.2146723434145068, 0.20904076614497621, 0.20192468571074215, 0.19391887257864446, 0.18536804542865282, 0.1647991320969146, 0.14703936617315552, 0.12999049988057879, 0.11700951317210256]}