{"acc": [0.4837962962962963, 0.5208333333333334, 0.5439814814814815, 0.5625, 0.5509259259259259, 0.5625, 0.5555555555555556, 0.5740740740740741, 0.5555555555555556, 0.5532407407407407, 0.5856481481481481, 0.5671296296296297, 0.5671296296296297, 0.5671296296296297, 0.5787037037037037, 0.5578703703703703, 0.5925925925925926, 0.5578703703703703, 0.5601851851851852, 0.5717592592592593, 0.5995370370370371, 0.5879629629629629, 0.5902777777777778, 0.6064814814814815, 0.5879629629629629, 0.6041666666666666, 0.5995370370370371, 0.6273148148148148, 0.6203703703703703, 0.6527777777777778, 0.7175925925925926, 0.7060185185185185, 0.7152777777777778, 0.6759259259259259, 0.7013888888888888, 0.6921296296296297, 0.6759259259259259, 0.6828703703703703, 0.6990740740740741, 0.7199074074074074, 0.7175925925925926, 0.7222222222222222, 0.7546296296296297, 0.7361111111111112, 0.7476851851851852, 0.7824074074074074, 0.7777777777777778, 0.7939814814814815, 0.8032407407407407, 0.7962962962962963, 0.8078703703703703, 0.8449074074074074, 0.8611111111111112, 0.8310185185185185, 0.8449074074074074, 0.8449074074074074, 0.8379629629629629, 0.8680555555555556, 0.8518518518518519, 0.8425925925925926, 0.8472222222222222, 0.8703703703703703, 0.8449074074074074, 0.8703703703703703, 0.8564814814814815, 0.8819444444444444, 0.8541666666666666, 0.8587962962962963, 0.8425925925925926, 0.8773148148148148, 0.8217592592592593, 0.8564814814814815, 0.8796296296296297, 0.8680555555555556, 0.8587962962962963, 0.875, 0.8703703703703703, 0.8657407407407407, 0.8634259259259259, 0.875, 0.8611111111111112, 0.8657407407407407, 0.8587962962962963, 0.8773148148148148, 0.8981481481481481, 0.8935185185185185, 0.9120370370370371, 0.8958333333333334, 0.9050925925925926, 0.9305555555555556, 0.9328703703703703, 0.8958333333333334, 0.9097222222222222, 0.9421296296296297, 0.9560185185185185, 0.9560185185185185, 0.9398148148148148, 0.9606481481481481, 0.9375, 0.9629629629629629, 0.9675925925925926, 0.9722222222222222, 0.9629629629629629, 0.9837962962962963, 0.9675925925925926, 0.9884259259259259, 0.9837962962962963, 0.9884259259259259, 0.9884259259259259, 0.9652777777777778, 0.9791666666666666, 0.9606481481481481, 0.9814814814814815, 0.9953703703703703, 0.9907407407407407, 1.0], "loss": [0.7001512682548275, 0.6920329503439091, 0.6903582144942548, 0.6864316735278677, 0.6874231300144283, 0.6845771493735137, 0.6805118467244837, 0.6805354294677576, 0.676492035181986, 0.6768640119720388, 0.6766825841256866, 0.6721035142739614, 0.6727835639483399, 0.6612037976306898, 0.6602354071758412, 0.6557117674361777, 0.6527629962397946, 0.6403324560572704, 0.6411755159497261, 0.6277528182361964, 0.6132485739610813, 0.605222498687605, 0.5955668853043958, 0.5862124119885266, 0.5760675729424866, 0.5627601395395619, 0.5479705917424764, 0.5565598646730736, 0.5356812412436638, 0.5563010871625954, 0.5225111690901771, 0.5064943553491806, 0.5055017816201952, 0.49532379621740363, 0.4871889091931128, 0.4711188185750938, 0.4666656564284629, 0.45440783546978814, 0.4448724550990543, 0.432570336177445, 0.42726385995047167, 0.4106277901710537, 0.3975544706175882, 0.39366639215020566, 0.39639870461299626, 0.37329601132121215, 0.358423117216767, 0.36131606733370397, 0.34252940647786967, 0.3441492113809175, 0.33355956597572206, 0.2925183756556685, 0.2826556596437176, 0.2827417025993647, 0.25792253149039523, 0.2546288130454244, 0.24526113139614203, 0.2626642496127008, 0.227622768900161, 0.24664403089210046, 0.22922116022730027, 0.22322252467285109, 0.21414682836890556, 0.21278355126185033, 0.2270362468758791, 0.20486371745959608, 0.21024124699867267, 0.2038898579776287, 0.21108246303496075, 0.1969160470353691, 0.2805441132834066, 0.19382746103189707, 0.1941441887085131, 0.18453917407633627, 0.18988421476020087, 0.18432469523004666, 0.18011419751041816, 0.179978047611965, 0.18204637046228864, 0.1801682504987925, 0.18545033951081674, 0.1842576687257086, 0.22456026062295123, 0.1658438743211203, 0.16415920304589068, 0.16195001398079334, 0.14932136980377012, 0.14927796701864005, 0.1664886722748246, 0.1437607060930807, 0.14514022907307786, 0.1839203061624915, 0.170659914659238, 0.14596243230235578, 0.1264407625452914, 0.12171930316867263, 0.12925614793987364, 0.1292498398805593, 0.1806462638977648, 0.12371931290686519, 0.10887181501523945, 0.101395000934015, 0.10600297954915233, 0.0937542340584768, 0.10025915582776987, 0.08097678549815006, 0.07975577343971188, 0.07416206032707949, 0.0689610000504891, 0.10644875410049214, 0.10550240672204324, 0.1416601424645897, 0.08226055805622198, 0.05153683977822517, 0.043614426774017494, 0.039203018783896725]}