{"acc": [0.5138888888888888, 0.5470679012345679, 0.5563271604938271, 0.5972222222222222, 0.6010802469135802, 0.6165123456790124, 0.6226851851851852, 0.6219135802469136, 0.6280864197530864, 0.6458333333333334, 0.6311728395061729, 0.6419753086419753, 0.6427469135802469, 0.6504629629629629, 0.6604938271604939, 0.6759259259259259, 0.6875, 0.6612654320987654, 0.6620370370370371, 0.6466049382716049, 0.6550925925925926, 0.6604938271604939, 0.6558641975308642, 0.6597222222222222, 0.6620370370370371, 0.6458333333333334, 0.658179012345679, 0.6797839506172839, 0.6736111111111112, 0.6666666666666666, 0.6682098765432098, 0.6620370370370371, 0.6743827160493827, 0.6820987654320988, 0.6651234567901234, 0.6759259259259259, 0.6736111111111112, 0.6859567901234568, 0.7083333333333334, 0.7145061728395061, 0.7268518518518519, 0.75, 0.7530864197530864, 0.7669753086419753, 0.753858024691358, 0.7368827160493827, 0.7345679012345679, 0.7492283950617284, 0.7407407407407407, 0.7623456790123457, 0.7600308641975309, 0.7600308641975309, 0.7546296296296297, 0.7638888888888888, 0.7561728395061729, 0.7600308641975309, 0.7824074074074074, 0.7777777777777778, 0.7885802469135802, 0.8009259259259259, 0.8333333333333334, 0.8464506172839507, 0.8572530864197531, 0.8688271604938271, 0.8649691358024691, 0.8896604938271605, 0.8873456790123457, 0.8827160493827161, 0.8865740740740741, 0.8942901234567902, 0.9020061728395061, 0.9128086419753086, 0.9135802469135802, 0.9189814814814815, 0.9320987654320988, 0.9359567901234568, 0.9282407407407407, 0.9513888888888888, 0.9861111111111112, 0.9922839506172839, 0.9976851851851852, 0.9976851851851852, 0.9976851851851852, 0.9984567901234568, 1.0], "loss": [0.6960908733768227, 0.681431245656661, 0.6673936041784875, 0.6437671850492925, 0.624561646838247, 0.6140016354160545, 0.6057524372030187, 0.5918565734669015, 0.5807150157145512, 0.580827448103163, 0.5689937729894379, 0.5633397919160349, 0.5626074469383852, 0.5606184932920668, 0.5483275493721903, 0.5440284893100644, 0.5353996908223188, 0.5347112387786677, 0.5261261544109862, 0.5230750165603779, 0.516252456255901, 0.5196318964899322, 0.5089231519787399, 0.506246981429465, 0.5001594181414004, 0.5009443693690829, 0.4963527825879462, 0.48680209561630533, 0.48544505091361057, 0.47726659421567563, 0.47865502039591473, 0.4712764032093095, 0.4632729106111291, 0.45761505321220114, 0.4504506117031898, 0.44294994112886027, 0.4377459418258549, 0.4354643910019486, 0.4279784937331706, 0.4187043868465188, 0.4197390281859739, 0.4191085471783155, 0.3993512815163459, 0.39015712598223745, 0.3864915367261863, 0.3830158879727493, 0.39860304251865103, 0.37101143488177546, 0.36584139790064024, 0.36291178950557, 0.35776199483209187, 0.3517679294318329, 0.3509925988353329, 0.34901307872783993, 0.341628908927058, 0.33518561260935703, 0.3272749899346151, 0.3223764348177262, 0.31023270820761906, 0.30372213912598883, 0.29062073429425556, 0.28283672126722925, 0.26695127389681195, 0.2551382690852071, 0.24242828712787157, 0.22778390775676127, 0.2151766928533713, 0.20645690323026092, 0.19367054909651663, 0.18541792361640635, 0.17811948028795513, 0.16540666476443963, 0.1599053483410382, 0.14698818574349085, 0.1377260728198805, 0.12833298728973777, 0.17375138061650006, 0.17523916412926752, 0.10966329558258071, 0.10489969622389769, 0.09112914430874365, 0.08539340092030204, 0.08189570002349807, 0.06809187871346503, 0.06118471771593631]}