{"acc": [0.5023148148148148, 0.5370370370370371, 0.5092592592592593, 0.5578703703703703, 0.5439814814814815, 0.5462962962962963, 0.5787037037037037, 0.5578703703703703, 0.5740740740740741, 0.5763888888888888, 0.5694444444444444, 0.5740740740740741, 0.5601851851851852, 0.5694444444444444, 0.5648148148148148, 0.5555555555555556, 0.5787037037037037, 0.5879629629629629, 0.5671296296296297, 0.5648148148148148, 0.5740740740740741, 0.5717592592592593, 0.5717592592592593, 0.5856481481481481, 0.6041666666666666, 0.6157407407407407, 0.6157407407407407, 0.6157407407407407, 0.6203703703703703, 0.6111111111111112, 0.6273148148148148, 0.6365740740740741, 0.6458333333333334, 0.6504629629629629, 0.6851851851851852, 0.6620370370370371, 0.7106481481481481, 0.6851851851851852, 0.7129629629629629, 0.6759259259259259, 0.6898148148148148, 0.6990740740740741, 0.6875, 0.6782407407407407, 0.6828703703703703, 0.6898148148148148, 0.6782407407407407, 0.6759259259259259, 0.6736111111111112, 0.6805555555555556, 0.6759259259259259, 0.6851851851851852, 0.7245370370370371, 0.6944444444444444, 0.7592592592592593, 0.7523148148148148, 0.7546296296296297, 0.8009259259259259, 0.7638888888888888, 0.7777777777777778, 0.7731481481481481, 0.8148148148148148, 0.8125, 0.8379629629629629, 0.8055555555555556, 0.8587962962962963, 0.8611111111111112, 0.8958333333333334, 0.9074074074074074, 0.9074074074074074, 0.9212962962962963, 0.9236111111111112, 0.9398148148148148, 0.9537037037037037, 0.9791666666666666, 0.9768518518518519, 0.9768518518518519, 0.9884259259259259, 0.9953703703703703, 0.9976851851851852, 0.9930555555555556, 0.9490740740740741, 0.9976851851851852, 1.0], "loss": [0.6984971142891381, 0.6943240524442108, 0.6927890552000867, 0.6898794216966188, 0.6892267017866727, 0.6880026877064396, 0.6843945038401418, 0.6825555494676033, 0.6830419195402, 0.6768677514046431, 0.6743408135931801, 0.6742475997242663, 0.6719709698766194, 0.6705194977284582, 0.668175457459357, 0.6605487990848444, 0.6605294206076198, 0.6587609838763321, 0.6507539018919622, 0.6348189926551034, 0.6244159920348061, 0.6092989296262709, 0.5960473348925546, 0.5884767189441105, 0.585445788232324, 0.5876517496914554, 0.5692975676017069, 0.5642436653318251, 0.557541827725929, 0.5585882613050246, 0.5453892550187497, 0.5497777606713634, 0.535720189017145, 0.537665823674598, 0.53046571344674, 0.542904315008061, 0.5222135385034348, 0.5051722033522632, 0.5066334798138217, 0.523809920099805, 0.49698158162423983, 0.4919117336794034, 0.4902664812142732, 0.47640270559434306, 0.4651472336300506, 0.4601196242573544, 0.45574963654299877, 0.5033072800952607, 0.44745085895832265, 0.44115630357993646, 0.43476537671758525, 0.4226556085621947, 0.407804870456936, 0.4063060481845008, 0.3843720980873293, 0.3799706837122973, 0.3745183043576048, 0.35679968796738776, 0.35043821975230705, 0.35953084337131386, 0.37214645240230837, 0.3218672618312692, 0.32431939735506926, 0.30585053909847465, 0.42840785197598175, 0.3111267407115611, 0.28227571683724967, 0.2567702776265873, 0.24568586212318777, 0.22467216897242537, 0.20157474292802793, 0.1885004871481858, 0.1735777614050433, 0.144427324865352, 0.11740063753576083, 0.11440579241179946, 0.130105975423515, 0.08241816768679346, 0.057950107539806076, 0.05164303838723235, 0.04811776870317813, 0.24532100908153462, 0.029252727446178264, 0.01962807976840901]}