{"acc": [0.5077160493827161, 0.5740740740740741, 0.5578703703703703, 0.5540123456790124, 0.5856481481481481, 0.5856481481481481, 0.6041666666666666, 0.6033950617283951, 0.6111111111111112, 0.6242283950617284, 0.6265432098765432, 0.6226851851851852, 0.6134259259259259, 0.6442901234567902, 0.6203703703703703, 0.6342592592592593, 0.6327160493827161, 0.6280864197530864, 0.6512345679012346, 0.654320987654321, 0.6597222222222222, 0.6612654320987654, 0.6790123456790124, 0.6859567901234568, 0.6828703703703703, 0.6998456790123457, 0.6944444444444444, 0.6898148148148148, 0.7075617283950617, 0.683641975308642, 0.6882716049382716, 0.7013888888888888, 0.6944444444444444, 0.7199074074074074, 0.7361111111111112, 0.7368827160493827, 0.7229938271604939, 0.7330246913580247, 0.7569444444444444, 0.7584876543209876, 0.7600308641975309, 0.7785493827160493, 0.7893518518518519, 0.7785493827160493, 0.7777777777777778, 0.7893518518518519, 0.7962962962962963, 0.8024691358024691, 0.8148148148148148, 0.8070987654320988, 0.8078703703703703, 0.8063271604938271, 0.8024691358024691, 0.8001543209876543, 0.808641975308642, 0.8125, 0.8125, 0.8132716049382716, 0.8101851851851852, 0.8140432098765432, 0.8240740740740741, 0.8070987654320988, 0.8117283950617284, 0.8209876543209876, 0.8070987654320988, 0.8063271604938271, 0.8078703703703703, 0.8117283950617284, 0.8248456790123457, 0.8294753086419753, 0.8294753086419753, 0.8101851851851852, 0.8294753086419753, 0.8294753086419753, 0.8209876543209876, 0.8271604938271605, 0.8271604938271605, 0.8248456790123457, 0.8333333333333334, 0.8341049382716049, 0.8402777777777778, 0.8341049382716049, 0.8364197530864198, 0.8425925925925926, 0.8503086419753086, 0.8881172839506173, 0.8966049382716049, 0.8966049382716049, 0.9197530864197531, 0.9236111111111112, 0.9297839506172839, 0.9305555555555556, 0.9351851851851852, 0.9398148148148148, 0.9375, 0.9606481481481481, 0.9544753086419753, 0.9506172839506173, 0.9606481481481481, 0.9660493827160493, 0.9614197530864198, 0.966820987654321, 0.9737654320987654, 0.9922839506172839, 0.9814814814814815, 0.9907407407407407, 0.9930555555555556, 0.9938271604938271, 0.9984567901234568, 0.9945987654320988, 1.0], "loss": [0.6975701775079892, 0.684233605125804, 0.6829289065466987, 0.6774127645257079, 0.6689479409912487, 0.6531190158408365, 0.6281513847686626, 0.6198259194691976, 0.6115688170179908, 0.6084770806777624, 0.6063149843686892, 0.5983441405826144, 0.5958174286801138, 0.5868893401858247, 0.5787686322942193, 0.570745274240588, 0.5625354695467302, 0.5614832286481504, 0.547974408040812, 0.5442549199969681, 0.5380471834429988, 0.5345549800513704, 0.5285033230428342, 0.5266673480287011, 0.513544899078063, 0.5067426212775854, 0.5068836738297968, 0.492647600762638, 0.4883685737480352, 0.489423226059219, 0.48409800029095307, 0.47602421781163157, 0.4721787553510548, 0.4715275768144631, 0.457526292513918, 0.4550457306114244, 0.44635934594236776, 0.44713091831884266, 0.4364704640559208, 0.4349552061822679, 0.4311398488503915, 0.42212627460191277, 0.41011628729325755, 0.40564261965545606, 0.39989808238582847, 0.40167909179940636, 0.38922525979118583, 0.38510647471304293, 0.37627578811880985, 0.37258999877505833, 0.37336346102349555, 0.3707843768743821, 0.36477561865323854, 0.3665368810847954, 0.3576242306534155, 0.3546251310610477, 0.361548466079029, 0.352133149350131, 0.34761096518716694, 0.3538929266326221, 0.34528284510712565, 0.34567316244413826, 0.33993680664786585, 0.3405806530772904, 0.35095593609191755, 0.3439797966936488, 0.34744607004118555, 0.3346856070889367, 0.32912007599701115, 0.32712669596995836, 0.32519517958532146, 0.329058264232712, 0.32025231292218337, 0.3182174708740211, 0.3157922320159865, 0.3153301877556024, 0.31158622372665523, 0.31817218468145086, 0.3049015113968908, 0.30000726713074577, 0.29307118536513527, 0.289613515506556, 0.28082999692838867, 0.27126298789624814, 0.2648449372730137, 0.2514491671765292, 0.28979913527031004, 0.24159087084325742, 0.21151386891250257, 0.20199727529176958, 0.19645806080029335, 0.19246394371176945, 0.18879317680810703, 0.18652662404893358, 0.1751669743730698, 0.16636243766104733, 0.16050667067368826, 0.15656099652434574, 0.1560927927494049, 0.14448096672141994, 0.14465914951798356, 0.13667282241362114, 0.12893622230600427, 0.1182556167980771, 0.11913444449044304, 0.11141335522686993, 0.10394129028290879, 0.10361309781854536, 0.09270411552746355, 0.08781567625241515, 0.07746298836521161]}