{"acc": [0.5231481481481481, 0.5617283950617284, 0.5733024691358025, 0.5756172839506173, 0.5825617283950617, 0.5779320987654321, 0.5856481481481481, 0.5725308641975309, 0.5717592592592593, 0.5640432098765432, 0.5763888888888888, 0.5825617283950617, 0.5871913580246914, 0.6172839506172839, 0.6574074074074074, 0.7368827160493827, 0.7391975308641975, 0.7492283950617284, 0.7353395061728395, 0.7361111111111112, 0.7554012345679012, 0.7476851851851852, 0.7716049382716049, 0.7893518518518519, 0.7924382716049383, 0.7947530864197531, 0.7962962962962963, 0.808641975308642, 0.8109567901234568, 0.8155864197530864, 0.8140432098765432, 0.8271604938271605, 0.8371913580246914, 0.8479938271604939, 0.871141975308642, 0.878858024691358, 0.8865740740740741, 0.8881172839506173, 0.9097222222222222, 0.9120370370370371, 0.9128086419753086, 0.9205246913580247, 0.9174382716049383, 0.9174382716049383, 0.9236111111111112, 0.9228395061728395, 0.9436728395061729, 0.9552469135802469, 0.9591049382716049, 0.9845679012345679, 0.9930555555555556, 0.9938271604938271, 0.9992283950617284, 1.0], "loss": [0.6925724649134978, 0.6862587450463095, 0.6787315857263259, 0.6737051194096789, 0.6652198117456318, 0.6611673831939697, 0.6518786932215278, 0.6449683724362173, 0.6385313908994934, 0.6243262592657113, 0.6047165574115, 0.582982298400667, 0.5631825467686594, 0.5481346746285757, 0.5293393940837295, 0.5090026951130525, 0.49569721133620653, 0.4774187019577733, 0.46213562621010673, 0.4416303892194489, 0.42505491111013627, 0.4070885313881768, 0.39700202607078316, 0.38008147404517656, 0.3698266566167643, 0.36695508235766566, 0.3565855874323551, 0.3409131680741722, 0.33452334392953803, 0.3234781488592242, 0.30933291649008976, 0.3088490859961804, 0.29644175664878186, 0.2820957331561748, 0.27060675501455494, 0.25946087546554614, 0.24501574885698013, 0.2317471858114004, 0.22175761339841066, 0.2082254892146146, 0.20108342423667142, 0.18947865022921268, 0.17618733630688102, 0.16765427313469075, 0.1575284263142097, 0.14840130620624548, 0.13845923014077138, 0.1269688109671812, 0.11011037490342135, 0.09746025255478827, 0.08098537994571674, 0.06705976006241492, 0.054074156678707144, 0.044425375380173875]}