{"acc": [0.4837962962962963, 0.5069444444444444, 0.5462962962962963, 0.5370370370370371, 0.5462962962962963, 0.5532407407407407, 0.5648148148148148, 0.5740740740740741, 0.5949074074074074, 0.5740740740740741, 0.5856481481481481, 0.5671296296296297, 0.5509259259259259, 0.5648148148148148, 0.5648148148148148, 0.6041666666666666, 0.5949074074074074, 0.6064814814814815, 0.5810185185185185, 0.6203703703703703, 0.6157407407407407, 0.6134259259259259, 0.6018518518518519, 0.6342592592592593, 0.5972222222222222, 0.6180555555555556, 0.6296296296296297, 0.6296296296296297, 0.6203703703703703, 0.6273148148148148, 0.6319444444444444, 0.6203703703703703, 0.6018518518518519, 0.6157407407407407, 0.6064814814814815, 0.6296296296296297, 0.6342592592592593, 0.6643518518518519, 0.6712962962962963, 0.6597222222222222, 0.6805555555555556, 0.6782407407407407, 0.6921296296296297, 0.6736111111111112, 0.6805555555555556, 0.6921296296296297, 0.6458333333333334, 0.6828703703703703, 0.6921296296296297, 0.6875, 0.6828703703703703, 0.6759259259259259, 0.7222222222222222, 0.7314814814814815, 0.7175925925925926, 0.7337962962962963, 0.7361111111111112, 0.7199074074074074, 0.7083333333333334, 0.7476851851851852, 0.7175925925925926, 0.7175925925925926, 0.7546296296296297, 0.7546296296296297, 0.7453703703703703, 0.75, 0.7870370370370371, 0.7800925925925926, 0.7824074074074074, 0.7939814814814815, 0.7916666666666666, 0.8055555555555556, 0.8217592592592593, 0.8425925925925926, 0.8587962962962963, 0.8472222222222222, 0.8726851851851852, 0.8634259259259259, 0.8148148148148148, 0.8564814814814815, 0.8912037037037037, 0.8726851851851852, 0.9050925925925926, 0.9074074074074074, 0.9050925925925926, 0.9097222222222222, 0.9166666666666666, 0.9074074074074074, 0.9097222222222222, 0.9027777777777778, 0.8657407407407407, 0.8796296296296297, 0.9166666666666666, 0.9259259259259259, 0.9328703703703703, 0.9444444444444444, 0.9375, 0.9490740740740741, 0.9467592592592593, 0.9953703703703703, 0.9884259259259259, 0.9884259259259259, 0.9976851851851852, 1.0], "loss": [0.7019874337646697, 0.693927078611321, 0.6912782630986638, 0.6883524830142657, 0.6876559417556833, 0.6859141023898566, 0.6838950699678173, 0.6786451728807555, 0.6766626347822172, 0.6767364454766115, 0.6691104336469261, 0.6674717791654445, 0.65700997867518, 0.6469102107264377, 0.639048356493866, 0.6245695700420549, 0.6244878656472321, 0.6250712449869348, 0.6191452899947762, 0.6175329403421428, 0.6103146884728361, 0.6058211819423983, 0.610422438713377, 0.6013786323299563, 0.6018417589557766, 0.618690020017783, 0.5938788204005471, 0.5946596265199602, 0.5876965749935995, 0.5868723435067303, 0.5912620623561519, 0.5785172813845781, 0.5884213998635661, 0.5742424064995552, 0.5541786046836663, 0.5530982308538552, 0.5445123877632594, 0.5385487864793096, 0.5226460805440569, 0.5237411731801431, 0.5119526334743172, 0.5081296080047989, 0.5083161908357096, 0.4958132629281964, 0.472578136832527, 0.4774603873991981, 0.5063809398306804, 0.4638546802711466, 0.4559655859470863, 0.4704255260651227, 0.4688815321080047, 0.4516378989296707, 0.4258724628810224, 0.42092474420874426, 0.41079209148247847, 0.414335052953721, 0.4012072900089961, 0.3897856763996297, 0.39887384062927195, 0.3793501787960732, 0.3788869862260924, 0.37180560985041894, 0.356866206780582, 0.38167908711478016, 0.3532610216525143, 0.3454591987152964, 0.33618581402428127, 0.33832512704506185, 0.3378610602813516, 0.31720820630946034, 0.3185360055161221, 0.34096421837973695, 0.3119954640781068, 0.2982152085473299, 0.29736668317988696, 0.29276001547053193, 0.28178029463089055, 0.2958001956649073, 0.3726904059146398, 0.3237659468336293, 0.27832025812402356, 0.3086657857571562, 0.2657015830507725, 0.2513419681617289, 0.25942780771348, 0.24860979553065088, 0.2403250213435093, 0.228370483249482, 0.22084043868247782, 0.2509209376525246, 0.3179034847687348, 0.263141239588347, 0.20988697429835615, 0.1864196725337361, 0.17058193046927034, 0.1583898420242772, 0.1565148234133666, 0.17729176149156162, 0.19114538797944758, 0.1086027929670342, 0.10339839789059664, 0.09010318712637524, 0.08133756833593851, 0.07093324981670553]}