{"acc": [0.5231481481481481, 0.5408950617283951, 0.5686728395061729, 0.5594135802469136, 0.5694444444444444, 0.5779320987654321, 0.5933641975308642, 0.5995370370370371, 0.6203703703703703, 0.6265432098765432, 0.6195987654320988, 0.6126543209876543, 0.6172839506172839, 0.6458333333333334, 0.6404320987654321, 0.6527777777777778, 0.6373456790123457, 0.6805555555555556, 0.6643518518518519, 0.6597222222222222, 0.6365740740740741, 0.6350308641975309, 0.6620370370370371, 0.6527777777777778, 0.6604938271604939, 0.6620370370370371, 0.6851851851851852, 0.6743827160493827, 0.6666666666666666, 0.6967592592592593, 0.6967592592592593, 0.6851851851851852, 0.6975308641975309, 0.6959876543209876, 0.7191358024691358, 0.7199074074074074, 0.7407407407407407, 0.7430555555555556, 0.7438271604938271, 0.746141975308642, 0.746141975308642, 0.7515432098765432, 0.7592592592592593, 0.7623456790123457, 0.7638888888888888, 0.7723765432098766, 0.7893518518518519, 0.7916666666666666, 0.8125, 0.8109567901234568, 0.8202160493827161, 0.8256172839506173, 0.845679012345679, 0.8595679012345679, 0.8703703703703703, 0.8557098765432098, 0.8665123456790124, 0.8626543209876543, 0.8587962962962963, 0.8564814814814815, 0.8549382716049383, 0.8510802469135802, 0.8526234567901234, 0.8742283950617284, 0.8672839506172839, 0.8611111111111112, 0.8533950617283951, 0.8757716049382716, 0.871141975308642, 0.8649691358024691, 0.871141975308642, 0.8927469135802469, 0.8811728395061729, 0.8865740740740741, 0.875, 0.8827160493827161, 0.8865740740740741, 0.8919753086419753, 0.8873456790123457, 0.9027777777777778, 0.9182098765432098, 0.9205246913580247, 0.9212962962962963, 0.9475308641975309, 0.9513888888888888, 0.9699074074074074, 0.9776234567901234, 0.9822530864197531, 0.9945987654320988, 0.9922839506172839, 0.996141975308642, 0.996141975308642, 0.9984567901234568, 0.9984567901234568, 1.0], "loss": [0.6928663687941469, 0.686176891680117, 0.6821062388243498, 0.6751017136338316, 0.6663037582680031, 0.6485070917341444, 0.6311825388743554, 0.6183443231347167, 0.6128610004613428, 0.6103676506030706, 0.5995829826519813, 0.5917703928770842, 0.5819916165905235, 0.5719007628935354, 0.5649694130744463, 0.5647287497549881, 0.5531902784182702, 0.5431583847528623, 0.5358325007521076, 0.5293194865003045, 0.5264917155842722, 0.5173351683734376, 0.510029270325178, 0.4981375951089977, 0.4918471376101176, 0.4881490844267386, 0.4831936042985798, 0.4735047533924197, 0.471927410290565, 0.4661346357545735, 0.4592184034394629, 0.4545543392499288, 0.45463811284230077, 0.44806622759795484, 0.4455923953174073, 0.44316516945391526, 0.44084876702155595, 0.4414560220859669, 0.43404308954874676, 0.4250530615264987, 0.41948965854114956, 0.41300566991170246, 0.40725351373354596, 0.40070008274949626, 0.3892499440246158, 0.3863692143817007, 0.3753889552605005, 0.3672878157209467, 0.3528034113071583, 0.3442698551548852, 0.33416683511969486, 0.32336473943274696, 0.31735494291340866, 0.2962607340312298, 0.2868947646132222, 0.278029790631047, 0.273364065973847, 0.2640329890045119, 0.25631110186194195, 0.2592025973178722, 0.24369571459146194, 0.23402505561157508, 0.22683718377425346, 0.22583666719772197, 0.22167935562722477, 0.21222610661277064, 0.20985842689319892, 0.20922379968342958, 0.2040335810110893, 0.20094959787380548, 0.1939393863265897, 0.19524986168116698, 0.18853275569868677, 0.18590853777196673, 0.18152722753124473, 0.17500165380813457, 0.17012121224844898, 0.16450732707241436, 0.16010026771713187, 0.15870418592735572, 0.15098556802596574, 0.14867536360282957, 0.14400591103383054, 0.1340043811518469, 0.13151022341148352, 0.12467114857317489, 0.11757747231074321, 0.11418740837662308, 0.10720349425151024, 0.09954922204768216, 0.09815744908503544, 0.09086109500056432, 0.08751148707520814, 0.07961291295510751, 0.07152892442213164]}