{"acc": [0.4984567901234568, 0.5347222222222222, 0.5493827160493827, 0.5617283950617284, 0.5779320987654321, 0.5740740740740741, 0.6103395061728395, 0.6049382716049383, 0.6273148148148148, 0.6180555555555556, 0.6412037037037037, 0.6450617283950617, 0.6504629629629629, 0.6566358024691358, 0.6643518518518519, 0.6597222222222222, 0.6574074074074074, 0.6358024691358025, 0.6404320987654321, 0.6388888888888888, 0.6620370370370371, 0.6574074074074074, 0.6597222222222222, 0.6759259259259259, 0.6651234567901234, 0.6851851851851852, 0.7183641975308642, 0.7299382716049383, 0.7322530864197531, 0.7615740740740741, 0.7662037037037037, 0.7692901234567902, 0.7021604938271605, 0.7253086419753086, 0.7314814814814815, 0.720679012345679, 0.7191358024691358, 0.7199074074074074, 0.8070987654320988, 0.8611111111111112, 0.8765432098765432, 0.8996913580246914, 0.9012345679012346, 0.904320987654321, 0.9035493827160493, 0.9158950617283951, 0.9128086419753086, 0.875, 0.7314814814814815, 0.7476851851851852, 0.7530864197530864, 0.7492283950617284, 0.7546296296296297, 0.7854938271604939, 0.8101851851851852, 0.8688271604938271, 0.8996913580246914, 0.8919753086419753, 0.8742283950617284, 0.8873456790123457, 0.8919753086419753, 0.8973765432098766, 0.8171296296296297, 0.9135802469135802, 0.9097222222222222, 0.8927469135802469, 0.9004629629629629, 0.8827160493827161, 0.9097222222222222, 0.9020061728395061, 0.8657407407407407, 0.9120370370370371, 0.9166666666666666, 0.8425925925925926, 0.8989197530864198, 0.9182098765432098, 0.908179012345679, 0.9135802469135802, 0.9182098765432098, 0.8510802469135802, 0.9112654320987654, 0.8996913580246914, 0.9243827160493827, 0.9305555555555556, 0.8996913580246914, 0.9405864197530864, 0.9722222222222222, 0.9915123456790124, 0.9861111111111112, 0.9853395061728395, 1.0], "loss": [0.6950307829696455, 0.6869192611840036, 0.6824022112529219, 0.6744520914407424, 0.6653824238635507, 0.6478257410596182, 0.6349662562572098, 0.6277488932346948, 0.6123642162534834, 0.6012553976727276, 0.5921684509167666, 0.5783108178470487, 0.5669651948179913, 0.5672892138170061, 0.5531061031112577, 0.5362992646852326, 0.5348681069875724, 0.5329341938553244, 0.5254342855433819, 0.5152945684758645, 0.5074429981803203, 0.4978668123092878, 0.4858748276562724, 0.47747970541223816, 0.48687916519017554, 0.4688800892494634, 0.44705607627921373, 0.4349631770954338, 0.4331890602089336, 0.41209165454876573, 0.40104735603908864, 0.37523911901938894, 0.5246727189529067, 0.5002719273878719, 0.4920859000283034, 0.48559887294331017, 0.4747521296176013, 0.4510270593820852, 0.36711501877674607, 0.3136352531091336, 0.2889115136617587, 0.25812586596869014, 0.2413608755231702, 0.24123252311430168, 0.2231310980608939, 0.1961229859007866, 0.19511644562514313, 0.3004747914586724, 0.4693649492670121, 0.42706690726778357, 0.41835668608387416, 0.40650957072306365, 0.3865244482701646, 0.3557362122925108, 0.41554177198226677, 0.28272939107877293, 0.23042225176491915, 0.22651215107392753, 0.23714358203363434, 0.20445155194476292, 0.20779575376086915, 0.18837792296837183, 0.35834388317996135, 0.18911078993631125, 0.18090430278775707, 0.19881445142626153, 0.1867543584071076, 0.22341314679385785, 0.17127707023331043, 0.17675226288705842, 0.2711862367376818, 0.18519899185046335, 0.16460769929091576, 0.350541411264583, 0.19683559637134013, 0.16338823062803004, 0.18055023594763459, 0.1674659540191534, 0.15455598049757585, 0.2801476705753447, 0.1650211835499099, 0.19774236688342756, 0.14349903953434373, 0.1303809000360435, 0.26453347111469994, 0.13383210569453197, 0.091336437621006, 0.07175671092261499, 0.10534679932312264, 0.0670555966054955, 0.02933499922297579]}