{"acc": [0.5439814814814815, 0.558641975308642, 0.5648148148148148, 0.5594135802469136, 0.5679012345679012, 0.5671296296296297, 0.5848765432098766, 0.5995370370370371, 0.6126543209876543, 0.6149691358024691, 0.6165123456790124, 0.6280864197530864, 0.6180555555555556, 0.6172839506172839, 0.628858024691358, 0.6327160493827161, 0.6195987654320988, 0.6234567901234568, 0.6435185185185185, 0.658179012345679, 0.6720679012345679, 0.6674382716049383, 0.658179012345679, 0.6689814814814815, 0.6404320987654321, 0.6466049382716049, 0.6535493827160493, 0.654320987654321, 0.6620370370370371, 0.628858024691358, 0.6689814814814815, 0.6504629629629629, 0.6458333333333334, 0.6705246913580247, 0.6697530864197531, 0.6481481481481481, 0.6481481481481481, 0.6358024691358025, 0.6828703703703703, 0.6473765432098766, 0.6589506172839507, 0.658179012345679, 0.6743827160493827, 0.6574074074074074, 0.6751543209876543, 0.683641975308642, 0.6867283950617284, 0.6867283950617284, 0.691358024691358, 0.7260802469135802, 0.7106481481481481, 0.7368827160493827, 0.7160493827160493, 0.7330246913580247, 0.7422839506172839, 0.7307098765432098, 0.7322530864197531, 0.7391975308641975, 0.7337962962962963, 0.7523148148148148, 0.7530864197530864, 0.7399691358024691, 0.7507716049382716, 0.7507716049382716, 0.7523148148148148, 0.7631172839506173, 0.7646604938271605, 0.7785493827160493, 0.7816358024691358, 0.7800925925925926, 0.7916666666666666, 0.7955246913580247, 0.7955246913580247, 0.8209876543209876, 0.8040123456790124, 0.8155864197530864, 0.8302469135802469, 0.8287037037037037, 0.8240740740740741, 0.845679012345679, 0.8395061728395061, 0.8464506172839507, 0.8479938271604939, 0.8526234567901234, 0.8557098765432098, 0.845679012345679, 0.8580246913580247, 0.8634259259259259, 0.8587962962962963, 0.8649691358024691, 0.8618827160493827, 0.8611111111111112, 0.8572530864197531, 0.8572530864197531, 0.8587962962962963, 0.8773148148148148, 0.8742283950617284, 0.8672839506172839, 0.8881172839506173, 0.8734567901234568, 0.8819444444444444, 0.8927469135802469, 0.8904320987654321, 0.9104938271604939, 0.8912037037037037, 0.9151234567901234, 0.9104938271604939, 0.9205246913580247, 0.9266975308641975, 0.9375, 0.9305555555555556, 0.9521604938271605, 0.9575617283950617, 0.9830246913580247, 0.9868827160493827, 0.9907407407407407, 0.9984567901234568, 0.9976851851851852, 0.9992283950617284, 0.9984567901234568, 0.9992283950617284, 1.0], "loss": [0.692639657008795, 0.6864153588259662, 0.6827517284287347, 0.6747473066235766, 0.6630223879107723, 0.6534531970082977, 0.6361658808625774, 0.627290893484045, 0.6194130756236889, 0.6179557082093792, 0.6119696004891101, 0.6096003938604284, 0.6035096579127841, 0.5989314648840163, 0.593131094067185, 0.5854520047152484, 0.5774395149431111, 0.5636527181407551, 0.5531570823104294, 0.5472540413891828, 0.5634249220659704, 0.5392893582214544, 0.5338545360682924, 0.5269563455640534, 0.5308961971306506, 0.5155178279052546, 0.5103235436074528, 0.5065945029994587, 0.5041500322612715, 0.4968864108309334, 0.504544723181077, 0.5086034028618424, 0.501755561357663, 0.4890066135076829, 0.48285450758757414, 0.4850478768348694, 0.47294270697935126, 0.46690010877303134, 0.4637187531700841, 0.45823759539627734, 0.45465328811127464, 0.4521306605986607, 0.4468285533381097, 0.4387061757805907, 0.44365876140417876, 0.43874820073445636, 0.43592105750684385, 0.42447881566153634, 0.41675464275442525, 0.40943693930720104, 0.4037900221200637, 0.397445856789012, 0.38987140155132904, 0.39114262881102385, 0.38809178052125154, 0.3770992674945313, 0.3709356269718688, 0.3683768069302594, 0.36668520466780957, 0.3690535771993943, 0.3630298817599261, 0.3523455424073302, 0.34898252656430373, 0.34408818387690887, 0.34291490654886503, 0.3365968370143278, 0.33727914610026793, 0.3316728516861244, 0.325843631853292, 0.32220939445642777, 0.31732053447652747, 0.3143660889731513, 0.31131073317410035, 0.3066360163099972, 0.3087808607537069, 0.2981689344217748, 0.292372864337615, 0.28744570119881335, 0.28881008536727343, 0.2781416181428933, 0.27497116062376237, 0.27192941896709394, 0.26449647858554937, 0.2574778762128618, 0.25483182072639465, 0.2528965668177899, 0.24706113632814383, 0.24671259448852068, 0.23765128280645537, 0.22735315837241984, 0.22536241198763435, 0.2222692142298192, 0.2148723304271698, 0.20720034101862966, 0.20297299343862651, 0.19996360109912026, 0.1950740851001975, 0.1918125722879245, 0.1858156787024604, 0.18211264669159313, 0.17888517549008498, 0.1716753214965632, 0.16666256571993415, 0.16522829547340487, 0.15905087100870816, 0.1525302376644111, 0.14783496805179266, 0.14277858829792636, 0.1431320340913019, 0.1423477108279864, 0.13653380727326428, 0.12781546586825523, 0.12347262674643669, 0.11476634934912493, 0.10651977728178472, 0.10097489699169442, 0.09402738994470348, 0.08622852344939738, 0.08340959536072648, 0.07834885113033248, 0.07324745880876794, 0.06513620453116334]}