{"acc": [0.5084876543209876, 0.5601851851851852, 0.566358024691358, 0.5779320987654321, 0.5694444444444444, 0.5902777777777778, 0.5864197530864198, 0.5632716049382716, 0.5802469135802469, 0.5794753086419753, 0.5871913580246914, 0.6180555555555556, 0.621141975308642, 0.7106481481481481, 0.7121913580246914, 0.6674382716049383, 0.6643518518518519, 0.6766975308641975, 0.6759259259259259, 0.6790123456790124, 0.6959876543209876, 0.7222222222222222, 0.7237654320987654, 0.7106481481481481, 0.7183641975308642, 0.7152777777777778, 0.7175925925925926, 0.7523148148148148, 0.7754629629629629, 0.7608024691358025, 0.7947530864197531, 0.8333333333333334, 0.8256172839506173, 0.8487654320987654, 0.8449074074074074, 0.875, 0.8842592592592593, 0.8966049382716049, 0.9058641975308642, 0.9097222222222222, 0.8919753086419753, 0.9128086419753086, 0.9066358024691358, 0.9151234567901234, 0.9135802469135802, 0.9143518518518519, 0.9128086419753086, 0.9197530864197531, 0.9158950617283951, 0.9228395061728395, 0.9220679012345679, 0.9243827160493827, 0.9220679012345679, 0.9243827160493827, 0.9251543209876543, 0.9251543209876543, 0.9282407407407407, 0.9259259259259259, 0.9429012345679012, 0.9305555555555556, 0.9459876543209876, 0.9591049382716049, 0.9591049382716049, 0.9945987654320988, 0.9992283950617284, 1.0], "loss": [0.6957169896290626, 0.6868457396825155, 0.6807488909474125, 0.6734220569516406, 0.6658644161106627, 0.658591361693394, 0.6496257458204104, 0.6305180876343338, 0.6195652484893799, 0.5995683912877683, 0.5800733904779694, 0.5675432534865391, 0.5496145876837365, 0.5276097809826886, 0.5122599491366634, 0.49993530762048416, 0.49760227659602224, 0.4853007756633523, 0.46993960863278234, 0.4568500688046585, 0.45078592241546256, 0.43920263795205106, 0.4264526190581145, 0.41743111463240634, 0.41645721116183715, 0.3999058589523221, 0.3922635331565951, 0.3816900635943001, 0.3705058252369916, 0.3640284339586894, 0.3515047383161239, 0.33803451208420743, 0.32875250224713926, 0.3207411019154537, 0.30826982561452887, 0.29734423793392417, 0.28205140910030885, 0.27177014542214667, 0.2592216463368616, 0.24433468263826252, 0.26744456791583404, 0.22616070729714852, 0.2115222007772069, 0.20247128973772496, 0.19666216476463977, 0.1891634582001486, 0.18440507058008218, 0.17919152331205063, 0.17392180179372246, 0.16823353756357123, 0.1641671030241766, 0.15883597566021812, 0.15493899896556948, 0.1541087520711216, 0.14841034962439242, 0.14365863367731188, 0.14047078788280487, 0.1343484615654121, 0.1321994055200506, 0.12521904642567222, 0.11769579157785133, 0.1133167005063575, 0.1040194981995924, 0.09842765289876196, 0.07722598042936972, 0.06334893557208555]}