{"acc": [0.5285493827160493, 0.5671296296296297, 0.5632716049382716, 0.5794753086419753, 0.5733024691358025, 0.5995370370370371, 0.625, 0.6195987654320988, 0.628858024691358, 0.6134259259259259, 0.6304012345679012, 0.5979938271604939, 0.6273148148148148, 0.6412037037037037, 0.6728395061728395, 0.6929012345679012, 0.7199074074074074, 0.7384259259259259, 0.7361111111111112, 0.7422839506172839, 0.7399691358024691, 0.7492283950617284, 0.7530864197530864, 0.753858024691358, 0.7337962962962963, 0.7484567901234568, 0.7631172839506173, 0.7800925925925926, 0.7955246913580247, 0.7854938271604939, 0.7947530864197531, 0.8009259259259259, 0.8402777777777778, 0.8464506172839507, 0.8533950617283951, 0.8533950617283951, 0.875, 0.8734567901234568, 0.8811728395061729, 0.8942901234567902, 0.9135802469135802, 0.9220679012345679, 0.8996913580246914, 0.9212962962962963, 0.9243827160493827, 0.9212962962962963, 0.9328703703703703, 0.9537037037037037, 0.9745370370370371, 0.9629629629629629, 0.9876543209876543, 0.996141975308642, 0.9953703703703703, 0.9984567901234568, 0.9992283950617284, 1.0], "loss": [0.6939351873265373, 0.6809418647561545, 0.6798258296869419, 0.6682763337905024, 0.6518349237280128, 0.6255009667372998, 0.6139949975006375, 0.6144289451616781, 0.603260020966883, 0.5927716531549339, 0.5828625247986229, 0.5549109861898569, 0.5473271450602714, 0.5160408695400865, 0.4983500258560166, 0.47500968586515496, 0.46315678777058183, 0.4512139453012266, 0.4549495626102995, 0.43922744364834126, 0.43534108636509855, 0.4193746916098911, 0.4162028721665941, 0.3960341388499077, 0.4017712753697264, 0.3848083209963932, 0.36668699155101714, 0.35399981920483786, 0.34346593915428075, 0.3456402973143993, 0.32527468224734435, 0.3400484711053224, 0.29720400526572055, 0.26456621687508614, 0.2483635344873125, 0.2370541384907146, 0.22323790662199758, 0.21478238930249513, 0.21807073085047132, 0.20323642223939029, 0.1890189734200069, 0.17866961663199663, 0.20570023719204825, 0.16154429436818768, 0.14634845522798262, 0.16124111690478007, 0.12719033640170868, 0.12153709471309457, 0.1125189118234787, 0.12797261652582323, 0.09433026055508598, 0.07400888929268946, 0.06399578949918734, 0.05987987929957281, 0.04859912564149263, 0.040988551232635756]}