{"acc": [0.5200617283950617, 0.5516975308641975, 0.5632716049382716, 0.6010802469135802, 0.5709876543209876, 0.5887345679012346, 0.5995370370370371, 0.6242283950617284, 0.6226851851851852, 0.6203703703703703, 0.6203703703703703, 0.6180555555555556, 0.625, 0.621141975308642, 0.6751543209876543, 0.6797839506172839, 0.6682098765432098, 0.6805555555555556, 0.7013888888888888, 0.7160493827160493, 0.7237654320987654, 0.7391975308641975, 0.7013888888888888, 0.5501543209876543, 0.6072530864197531, 0.6558641975308642, 0.6813271604938271, 0.6813271604938271, 0.7075617283950617, 0.6813271604938271, 0.6759259259259259, 0.7067901234567902, 0.7152777777777778, 0.7662037037037037, 0.7816358024691358, 0.7901234567901234, 0.7785493827160493, 0.7777777777777778, 0.7723765432098766, 0.691358024691358, 0.6782407407407407, 0.6628086419753086, 0.7067901234567902, 0.6851851851851852, 0.7175925925925926, 0.8256172839506173, 0.8101851851851852, 0.8395061728395061, 0.8796296296296297, 0.8981481481481481, 0.9976851851851852, 0.9799382716049383, 0.8256172839506173, 0.9614197530864198, 0.9992283950617284, 0.9845679012345679, 1.0], "loss": [0.6938573449482153, 0.6853685860096672, 0.6790760221264475, 0.6679432374241268, 0.6619319859202262, 0.6416708830367475, 0.6239034992853658, 0.6141816948822935, 0.6098508292269613, 0.6063658659892015, 0.6010569174745155, 0.5933924061120001, 0.5785545015461121, 0.566079536315172, 0.5334343852039412, 0.5224872531000275, 0.504036445821192, 0.4717214340908371, 0.4390311513389972, 0.4244552140766998, 0.40749853447281875, 0.4148008436075366, 0.46152031349792944, 0.5741858030232121, 0.5495004927876694, 0.5325410898839591, 0.523110934998959, 0.4903946727868109, 0.4783895070057431, 0.4748081722201546, 0.5122737837723725, 0.4524203539531683, 0.4484374363693141, 0.42097326685141184, 0.4008258241117842, 0.38299639344668174, 0.37311322920214635, 0.35421256636503895, 0.37319579408112774, 0.5034234229395979, 0.5349310760621651, 0.5324621461576238, 0.48154575612475664, 0.48997024149778656, 0.4211828557527186, 0.33231408194680834, 0.3340727656563551, 0.2946284292874959, 0.27748499990826747, 0.2923434208364579, 0.0998189515477567, 0.11556857023938052, 0.33523762996959294, 0.1253604293964287, 0.04169587262187132, 0.0795857021833021, 0.018025276743006025]}