{"acc": [0.5061728395061729, 0.566358024691358, 0.5640432098765432, 0.5617283950617284, 0.5763888888888888, 0.5833333333333334, 0.5679012345679012, 0.5902777777777778, 0.6111111111111112, 0.6033950617283951, 0.6165123456790124, 0.6304012345679012, 0.6203703703703703, 0.5964506172839507, 0.6319444444444444, 0.6674382716049383, 0.7322530864197531, 0.7368827160493827, 0.7530864197530864, 0.753858024691358, 0.7577160493827161, 0.7870370370370371, 0.7700617283950617, 0.7731481481481481, 0.7824074074074074, 0.8063271604938271, 0.8024691358024691, 0.8310185185185185, 0.8665123456790124, 0.8819444444444444, 0.8865740740740741, 0.8881172839506173, 0.8942901234567902, 0.9012345679012346, 0.9104938271604939, 0.9089506172839507, 0.9128086419753086, 0.9174382716049383, 0.9328703703703703, 0.9274691358024691, 0.9591049382716049, 0.9853395061728395, 0.9915123456790124, 0.9969135802469136, 0.9984567901234568, 1.0], "loss": [0.6959195578539813, 0.6833980889232071, 0.6765760860325377, 0.6724620987603693, 0.6658407214247151, 0.6552534975387432, 0.6419427453735729, 0.6258681696138264, 0.6127916824670485, 0.6048320119763598, 0.601401017403897, 0.5870778306766793, 0.578005138002796, 0.5531653997338848, 0.5305566788639551, 0.5014672890121554, 0.47426313207841214, 0.4488798921674858, 0.43061547891961205, 0.41744944108305154, 0.405956136683623, 0.38450472098257804, 0.37513929660673495, 0.3728363005973307, 0.3511131216806394, 0.33763525612008427, 0.311857120881294, 0.30053107578445365, 0.2747727265282546, 0.25965591672991895, 0.23625368650220793, 0.22358251319922232, 0.210472019403644, 0.19481116409103075, 0.1959618071703539, 0.18233132998913204, 0.16537036429688243, 0.1601273487120821, 0.14880755936071552, 0.1565716384542117, 0.11864726448339628, 0.09917169271675111, 0.0857462497761496, 0.0745981919484351, 0.05973222637750254, 0.05112331469987381]}