{"acc": [0.5092592592592593, 0.4976851851851852, 0.5185185185185185, 0.5416666666666666, 0.5370370370370371, 0.5486111111111112, 0.5370370370370371, 0.5879629629629629, 0.5694444444444444, 0.5787037037037037, 0.5601851851851852, 0.5625, 0.5416666666666666, 0.5717592592592593, 0.5740740740740741, 0.5694444444444444, 0.5601851851851852, 0.5949074074074074, 0.5509259259259259, 0.5902777777777778, 0.5949074074074074, 0.5648148148148148, 0.5833333333333334, 0.6018518518518519, 0.5810185185185185, 0.5810185185185185, 0.6203703703703703, 0.6134259259259259, 0.6226851851851852, 0.6180555555555556, 0.6203703703703703, 0.625, 0.6828703703703703, 0.7083333333333334, 0.6944444444444444, 0.6990740740740741, 0.6574074074074074, 0.7106481481481481, 0.6666666666666666, 0.6875, 0.7199074074074074, 0.6458333333333334, 0.6875, 0.6967592592592593, 0.6759259259259259, 0.6875, 0.7013888888888888, 0.7106481481481481, 0.6828703703703703, 0.6782407407407407, 0.7060185185185185, 0.7222222222222222, 0.7384259259259259, 0.6828703703703703, 0.7337962962962963, 0.7708333333333334, 0.7662037037037037, 0.7939814814814815, 0.7800925925925926, 0.8171296296296297, 0.8564814814814815, 0.7268518518518519, 0.7106481481481481, 0.8101851851851852, 0.8935185185185185, 0.8865740740740741, 0.8981481481481481, 0.9027777777777778, 0.8796296296296297, 0.8796296296296297, 0.8819444444444444, 0.9074074074074074, 0.9120370370370371, 0.9189814814814815, 0.8819444444444444, 0.8958333333333334, 0.9490740740740741, 0.9467592592592593, 0.9629629629629629, 0.9351851851851852, 0.9837962962962963, 0.9837962962962963, 0.9861111111111112, 0.9976851851851852, 0.9768518518518519, 0.9537037037037037, 1.0], "loss": [0.7002000268548727, 0.6940714216756599, 0.6940096776794504, 0.6891164589949228, 0.6876255059959712, 0.6886331617004342, 0.6847493787192636, 0.6809213721641788, 0.6810097827541607, 0.6744822036061022, 0.677881610200361, 0.6747914534062147, 0.6695983689623298, 0.6662222707161197, 0.6679338248170636, 0.6586734003697833, 0.6577547269148959, 0.654193461286249, 0.6437713282734707, 0.6384363875603648, 0.623972941905743, 0.6065827394680431, 0.5991063424961693, 0.592153239917092, 0.5827398156347449, 0.571765000590378, 0.5684194550547849, 0.5631558119983213, 0.5547236298147701, 0.5497246875879104, 0.5610166168901329, 0.5616314444232233, 0.5316089867372651, 0.5106069641549249, 0.527883388269109, 0.4982609890457681, 0.546187750595608, 0.4976453777448613, 0.49802998783531466, 0.4883157281178678, 0.478621870753081, 0.5638658900049528, 0.45868761150428994, 0.46271377495116855, 0.4795268989054367, 0.4610951844499322, 0.4304521357394627, 0.42906084250184906, 0.44906600479810105, 0.41194798802412147, 0.4095248430161336, 0.4203468139719992, 0.3729985946406788, 0.4064734836355999, 0.357528048026123, 0.348970625260088, 0.35856208770662545, 0.32166941406860255, 0.3380721172991917, 0.31102883591501684, 0.29841698796174215, 0.4594993545831777, 0.44029533292675077, 0.3257244895016932, 0.29697611880016067, 0.2766459630471206, 0.26035196402158917, 0.24609694676967125, 0.27227277110272846, 0.27930536196767886, 0.23384317015723075, 0.1985666821735763, 0.17634840340701616, 0.15927487367061594, 0.20964743979560196, 0.253979192867263, 0.14398199003873466, 0.134285788201143, 0.12075794731769224, 0.22514344296943914, 0.10498629055807711, 0.09040820436035936, 0.08732718584391831, 0.07240508677675213, 0.1063928179232416, 0.16916327082932375, 0.050358224681875834]}