{"acc": [0.529320987654321, 0.5524691358024691, 0.5702160493827161, 0.5902777777777778, 0.5987654320987654, 0.6134259259259259, 0.6180555555555556, 0.6149691358024691, 0.6072530864197531, 0.6180555555555556, 0.6149691358024691, 0.6234567901234568, 0.6226851851851852, 0.6296296296296297, 0.6165123456790124, 0.6373456790123457, 0.6388888888888888, 0.6234567901234568, 0.6226851851851852, 0.6589506172839507, 0.6496913580246914, 0.6597222222222222, 0.6604938271604939, 0.6620370370370371, 0.6651234567901234, 0.6527777777777778, 0.654320987654321, 0.6643518518518519, 0.6751543209876543, 0.6983024691358025, 0.7376543209876543, 0.7260802469135802, 0.7453703703703703, 0.7260802469135802, 0.7229938271604939, 0.7415123456790124, 0.7237654320987654, 0.7345679012345679, 0.7615740740740741, 0.7337962962962963, 0.7569444444444444, 0.7546296296296297, 0.7777777777777778, 0.7600308641975309, 0.7924382716049383, 0.7777777777777778, 0.7229938271604939, 0.7716049382716049, 0.7731481481481481, 0.7939814814814815, 0.7970679012345679, 0.7962962962962963, 0.8125, 0.8464506172839507, 0.8402777777777778, 0.8595679012345679, 0.8688271604938271, 0.8734567901234568, 0.8078703703703703, 0.9089506172839507, 0.941358024691358, 0.9753086419753086, 0.9976851851851852, 0.9683641975308642, 0.9066358024691358, 0.9791666666666666, 0.9915123456790124, 0.9868827160493827, 1.0], "loss": [0.6892090794848807, 0.6833375085283209, 0.6737679557667838, 0.6554357491571594, 0.6322101958147768, 0.6190353793955845, 0.6173752621592333, 0.617621369415213, 0.61794041198026, 0.6164495507752499, 0.611900577214463, 0.6148796840166647, 0.6082109226880237, 0.6091416570263032, 0.6105387631737751, 0.6039571017341753, 0.6053097063997434, 0.5912710237259298, 0.5851476227299142, 0.5649679197984616, 0.5549118137577869, 0.539817097290611, 0.5268951553779421, 0.5190875992842101, 0.5128246595567024, 0.5008846388833111, 0.4824382885486039, 0.4706837619110454, 0.4624655704424817, 0.46013007135142403, 0.4415305651890861, 0.45889872353783223, 0.4223597402877718, 0.4237759339045405, 0.40575814112773856, 0.4080944832064381, 0.4185602441499674, 0.4111271830803404, 0.3916176350838406, 0.39219828728800515, 0.37530962494936587, 0.3729854809364066, 0.3590657468569808, 0.370045759107276, 0.34775076692532875, 0.3996756818987541, 0.46903743353317323, 0.4070786177055544, 0.35794763752123965, 0.34237386738214065, 0.33878356883742217, 0.3799947787023002, 0.3357400658041765, 0.31277644184345765, 0.3023219011926005, 0.29227688065583907, 0.27411971826342607, 0.26495965696065776, 0.37318217143353155, 0.22541939517865156, 0.2142437237033066, 0.1589776659920574, 0.1255981794695122, 0.158973162344352, 0.2707577179204382, 0.10896651923877286, 0.09070239940688783, 0.10246954409311175, 0.04838551183675333]}