{"acc": [0.5185185185185185, 0.5547839506172839, 0.566358024691358, 0.5648148148148148, 0.591820987654321, 0.5910493827160493, 0.6064814814814815, 0.6149691358024691, 0.5987654320987654, 0.6080246913580247, 0.621141975308642, 0.6141975308641975, 0.6365740740740741, 0.6195987654320988, 0.6219135802469136, 0.6334876543209876, 0.6419753086419753, 0.6381172839506173, 0.6574074074074074, 0.6736111111111112, 0.6844135802469136, 0.6797839506172839, 0.6720679012345679, 0.7060185185185185, 0.7160493827160493, 0.7245370370370371, 0.7307098765432098, 0.7438271604938271, 0.7677469135802469, 0.7731481481481481, 0.7646604938271605, 0.7800925925925926, 0.7932098765432098, 0.7916666666666666, 0.783179012345679, 0.779320987654321, 0.8016975308641975, 0.8148148148148148, 0.7962962962962963, 0.8240740740740741, 0.8256172839506173, 0.8479938271604939, 0.8533950617283951, 0.8796296296296297, 0.8734567901234568, 0.8827160493827161, 0.8765432098765432, 0.8888888888888888, 0.8888888888888888, 0.8981481481481481, 0.8966049382716049, 0.9027777777777778, 0.9066358024691358, 0.9166666666666666, 0.9290123456790124, 0.9266975308641975, 0.9344135802469136, 0.9359567901234568, 0.9405864197530864, 0.9537037037037037, 0.9521604938271605, 0.9645061728395061, 0.9683641975308642, 0.9606481481481481, 0.9899691358024691, 0.9876543209876543, 0.9969135802469136, 1.0], "loss": [0.6926739948031343, 0.6830148884543666, 0.6775913808816745, 0.6699943741162618, 0.6532616543549078, 0.6282420051686558, 0.6206737243466907, 0.6139925902272448, 0.6137961145536399, 0.6162472630356565, 0.6090396245320638, 0.605945877638864, 0.5984163144488394, 0.5878898600737253, 0.5787690813526695, 0.5733758652651751, 0.5664140427554095, 0.5504073623889758, 0.5370387539819435, 0.5289017277551286, 0.5131934008296625, 0.49532234889489635, 0.48824494635617294, 0.47134525880769446, 0.45755733774951945, 0.450865129261841, 0.4400436988123405, 0.4283376986413826, 0.4199376008760782, 0.4125202726802708, 0.40112216973010406, 0.39142078326808083, 0.3776997281353415, 0.37029741028392754, 0.36497071017453697, 0.3607759317958061, 0.34080603235849627, 0.3322453134819681, 0.3247823359467733, 0.3104979789091481, 0.29881142459257887, 0.2852867362031966, 0.2765966309119522, 0.26048217915619415, 0.2554544754970221, 0.24356384333338083, 0.23369295184535008, 0.2217522943277418, 0.23383814921993532, 0.21019032501678822, 0.20553135746058054, 0.20271053361235025, 0.18601255431731037, 0.1780762281700003, 0.1688474966744881, 0.16147258963987784, 0.1620253457401787, 0.153840581725501, 0.13904919574198163, 0.13018791231091054, 0.1286138964868668, 0.11700531388173041, 0.10719787568014896, 0.12629820183954305, 0.09030846237452173, 0.07993078404107996, 0.06453972768231099, 0.05271269354583368]}