{"acc": [0.49382716049382713, 0.5447530864197531, 0.5609567901234568, 0.5601851851851852, 0.595679012345679, 0.5763888888888888, 0.5841049382716049, 0.591820987654321, 0.5802469135802469, 0.5902777777777778, 0.5933641975308642, 0.6049382716049383, 0.6149691358024691, 0.6813271604938271, 0.7044753086419753, 0.7044753086419753, 0.7052469135802469, 0.6558641975308642, 0.6682098765432098, 0.6867283950617284, 0.7229938271604939, 0.7854938271604939, 0.6828703703703703, 0.6473765432098766, 0.6782407407407407, 0.6983024691358025, 0.7391975308641975, 0.8155864197530864, 0.8881172839506173, 0.9035493827160493, 0.9112654320987654, 0.9004629629629629, 0.9621913580246914, 0.9760802469135802, 0.9544753086419753, 0.9992283950617284, 0.9830246913580247, 0.9953703703703703, 0.9004629629629629, 0.9521604938271605, 0.9861111111111112, 0.8348765432098766, 0.933641975308642, 0.9969135802469136, 1.0], "loss": [0.6963255186737688, 0.6884965948231611, 0.682248521377735, 0.6802907650255494, 0.6744106024802651, 0.6731473622487191, 0.6679881384458255, 0.6617455262414835, 0.6432858549480982, 0.6259379070654604, 0.6076755177527058, 0.5939056460889341, 0.5639566035571848, 0.5357816033006984, 0.5083148423701317, 0.48502804395531135, 0.45951550429308247, 0.5390391063504042, 0.546669581341431, 0.5088916372969576, 0.4613291712605454, 0.3773273190120256, 0.49538273724253745, 0.5037127814135615, 0.5007771597731934, 0.44315956907869025, 0.40481073496387726, 0.33906186167619956, 0.27434785744165985, 0.21879404222460122, 0.19318011380668673, 0.20184869067553507, 0.13368327128671473, 0.10322567891499568, 0.18156195631997393, 0.036096849589282824, 0.05957194662375382, 0.027064755135745616, 0.22129852514259024, 0.11470608768373032, 0.07108452058400277, 0.3216395196723235, 0.15392029033880175, 0.033509011081083666, 0.009403424655340043]}