{"acc": [0.5177469135802469, 0.5563271604938271, 0.5547839506172839, 0.5871913580246914, 0.5679012345679012, 0.5679012345679012, 0.5771604938271605, 0.5655864197530864, 0.5887345679012346, 0.6358024691358025, 0.6797839506172839, 0.6929012345679012, 0.7114197530864198, 0.7415123456790124, 0.7569444444444444, 0.6350308641975309, 0.6327160493827161, 0.6504629629629629, 0.6628086419753086, 0.6504629629629629, 0.6381172839506173, 0.6705246913580247, 0.779320987654321, 0.8078703703703703, 0.8233024691358025, 0.8503086419753086, 0.8472222222222222, 0.8626543209876543, 0.8626543209876543, 0.8665123456790124, 0.8796296296296297, 0.8927469135802469, 0.8842592592592593, 0.9220679012345679, 0.7554012345679012, 0.8271604938271605, 0.9074074074074074, 0.9305555555555556, 0.9822530864197531, 0.9606481481481481, 0.996141975308642, 0.9907407407407407, 1.0], "loss": [0.6944561493295578, 0.6881379956885436, 0.6858485637140679, 0.6746839154051778, 0.6661949097006409, 0.6595821787292758, 0.6375279800828408, 0.6058027700414698, 0.5864411826552199, 0.5642085339373627, 0.5310237654200188, 0.5046444360135094, 0.4659343864715521, 0.43788855440927, 0.41872570263788783, 0.5935162605431559, 0.6008073989374628, 0.5848650377773598, 0.5591491352375758, 0.5706753449305281, 0.5940445280033994, 0.5556066107828838, 0.4117968404720456, 0.369762786884771, 0.3320381122687948, 0.2570302129504844, 0.25500924261136076, 0.19812442103659417, 0.20189901461919957, 0.19396060008211694, 0.18793074556251138, 0.17392051070544046, 0.2098077025317767, 0.13663213476517827, 0.43640109589453907, 0.27779248784745497, 0.16566353904982378, 0.1487596521576138, 0.09862668715356043, 0.12100937656269246, 0.051961744871907724, 0.058107489889412146, 0.018804012879387173]}