{"acc": [0.4837962962962963, 0.5416666666666666, 0.5347222222222222, 0.5231481481481481, 0.5509259259259259, 0.5555555555555556, 0.5717592592592593, 0.5648148148148148, 0.5578703703703703, 0.5925925925925926, 0.5671296296296297, 0.5694444444444444, 0.5717592592592593, 0.5648148148148148, 0.5509259259259259, 0.5787037037037037, 0.5601851851851852, 0.5763888888888888, 0.5810185185185185, 0.5555555555555556, 0.5925925925925926, 0.5833333333333334, 0.6111111111111112, 0.5995370370370371, 0.6041666666666666, 0.5949074074074074, 0.6157407407407407, 0.6157407407407407, 0.6041666666666666, 0.6180555555555556, 0.6226851851851852, 0.6296296296296297, 0.6203703703703703, 0.6296296296296297, 0.6435185185185185, 0.6990740740740741, 0.7037037037037037, 0.7013888888888888, 0.6712962962962963, 0.6712962962962963, 0.6620370370370371, 0.6736111111111112, 0.6990740740740741, 0.7013888888888888, 0.7083333333333334, 0.7152777777777778, 0.7245370370370371, 0.7268518518518519, 0.7407407407407407, 0.7199074074074074, 0.7430555555555556, 0.6990740740740741, 0.7268518518518519, 0.7361111111111112, 0.75, 0.7476851851851852, 0.7384259259259259, 0.75, 0.7384259259259259, 0.7268518518518519, 0.7592592592592593, 0.7546296296296297, 0.7615740740740741, 0.7453703703703703, 0.7523148148148148, 0.7546296296296297, 0.7731481481481481, 0.7337962962962963, 0.7708333333333334, 0.7592592592592593, 0.7662037037037037, 0.7592592592592593, 0.6851851851851852, 0.7708333333333334, 0.7777777777777778, 0.7824074074074074, 0.7731481481481481, 0.7824074074074074, 0.7476851851851852, 0.7939814814814815, 0.8009259259259259, 0.7939814814814815, 0.8101851851851852, 0.8263888888888888, 0.8194444444444444, 0.8310185185185185, 0.8495370370370371, 0.8541666666666666, 0.8611111111111112, 0.8796296296296297, 0.9004629629629629, 0.8958333333333334, 0.8958333333333334, 0.8865740740740741, 0.9143518518518519, 0.9074074074074074, 0.8981481481481481, 0.9004629629629629, 0.8958333333333334, 0.9143518518518519, 0.9074074074074074, 0.9212962962962963, 0.9120370370370371, 0.8819444444444444, 0.9074074074074074, 0.9189814814814815, 0.9166666666666666, 0.9143518518518519, 0.9189814814814815, 0.9212962962962963, 0.9189814814814815, 0.8935185185185185, 0.9212962962962963, 0.9537037037037037, 0.9259259259259259, 0.9699074074074074, 0.9467592592592593, 0.9884259259259259, 0.9722222222222222, 1.0], "loss": [0.6994749988532729, 0.689093134538443, 0.6904265331449332, 0.6904009947622264, 0.6853722321490446, 0.6865540349649059, 0.6831373727569977, 0.6810127378751835, 0.683039136023985, 0.6775289963654898, 0.6817162007231403, 0.677904079599237, 0.6727394959371951, 0.6701656517883142, 0.6712050416541321, 0.6669337256225171, 0.661332087142876, 0.658224489884796, 0.6460296507683341, 0.6382256940662585, 0.620945702981165, 0.61089172421338, 0.607062334960776, 0.5975817218588283, 0.5939428536162437, 0.5900606645750065, 0.5869893814240702, 0.5817359743098455, 0.5732271864215884, 0.565014753412837, 0.5718331635062781, 0.5589723490264814, 0.5486857661600913, 0.5489939849199067, 0.5456580617068947, 0.5249629313413219, 0.5126250586937705, 0.5187337528984783, 0.5360142887859692, 0.49653652503722195, 0.5027364589388598, 0.4809395454893964, 0.46550399893878835, 0.46371822405775204, 0.4672495439127773, 0.46079431002703763, 0.45579848665343115, 0.47775619088734617, 0.4423420421996834, 0.45412506435435995, 0.4344292321681146, 0.47033880615426826, 0.4594323972502575, 0.44746413789325323, 0.4297577794564669, 0.42818959253785877, 0.42677682788949345, 0.4168787909564864, 0.42502671587714, 0.4899853607276096, 0.4176123912390001, 0.41018231255132054, 0.4116313207017572, 0.40975516552369684, 0.4114010229837972, 0.423105339929419, 0.4095655813996195, 0.41478916686235967, 0.3998330834291511, 0.3918350898940568, 0.3939801915624978, 0.39663467147708276, 0.530821559198579, 0.39068432901693023, 0.39587936291330655, 0.3803544806831751, 0.3647859367166217, 0.37815150154688837, 0.4073834510130169, 0.35962007852599875, 0.34601926845621117, 0.3650284279327171, 0.3484144887288765, 0.3326597555639001, 0.32528393755289603, 0.3101226624401682, 0.2971981990971256, 0.31143107099120376, 0.31001994260842247, 0.2743831524116248, 0.2617533733733273, 0.2594181389763674, 0.2611722768648174, 0.26733587037499756, 0.2196087841438996, 0.21693289593451223, 0.23504015357975358, 0.21462512655658245, 0.23080900744366004, 0.18796555846746982, 0.19826019509620244, 0.1675076329517545, 0.16716083688830644, 0.24335238775221774, 0.17165395186422477, 0.146254107730772, 0.1445738805979459, 0.15317059616837853, 0.13457370564338728, 0.12749860964988835, 0.12900462944540372, 0.18809260250706517, 0.12400577066547133, 0.10989486106606995, 0.1987008137544848, 0.14970224955448655, 0.17793039578532782, 0.10042713647563355, 0.0915319531435303, 0.08382573960367244]}