{"acc": [0.4845679012345679, 0.5424382716049383, 0.558641975308642, 0.5578703703703703, 0.6003086419753086, 0.5779320987654321, 0.5964506172839507, 0.5763888888888888, 0.5756172839506173, 0.5856481481481481, 0.5733024691358025, 0.5817901234567902, 0.5871913580246914, 0.5864197530864198, 0.591820987654321, 0.6141975308641975, 0.6033950617283951, 0.6111111111111112, 0.6381172839506173, 0.7029320987654321, 0.7013888888888888, 0.7106481481481481, 0.6990740740740741, 0.6898148148148148, 0.7129629629629629, 0.6929012345679012, 0.6828703703703703, 0.6712962962962963, 0.6797839506172839, 0.6898148148148148, 0.6705246913580247, 0.6905864197530864, 0.6736111111111112, 0.6898148148148148, 0.6859567901234568, 0.6983024691358025, 0.7121913580246914, 0.7052469135802469, 0.720679012345679, 0.7276234567901234, 0.7708333333333334, 0.7608024691358025, 0.7654320987654321, 0.7816358024691358, 0.8016975308641975, 0.7878086419753086, 0.8094135802469136, 0.808641975308642, 0.8171296296296297, 0.8248456790123457, 0.8248456790123457, 0.816358024691358, 0.8287037037037037, 0.8302469135802469, 0.8317901234567902, 0.8317901234567902, 0.8325617283950617, 0.8325617283950617, 0.8333333333333334, 0.8279320987654321, 0.8333333333333334, 0.8333333333333334, 0.8325617283950617, 0.8333333333333334, 0.8325617283950617, 0.8325617283950617, 0.8333333333333334, 0.8333333333333334, 0.8333333333333334, 0.8333333333333334, 0.8333333333333334, 0.8333333333333334, 0.8395061728395061, 0.8395061728395061, 0.8773148148148148, 0.9205246913580247, 0.9799382716049383, 0.9861111111111112, 0.9945987654320988, 0.9992283950617284, 1.0], "loss": [0.6959526060539999, 0.6888166629237893, 0.6816649083737973, 0.6804832970654523, 0.6718487356915886, 0.6699432171421287, 0.6602025782620465, 0.6601481835047404, 0.6538057739352002, 0.6454430641951384, 0.6365562390398096, 0.6189695633487937, 0.605659591562954, 0.5939840037881592, 0.5827834631925748, 0.5702089306748943, 0.5583110083768397, 0.5453427731990814, 0.5268935174853714, 0.5120789647838215, 0.4889705011874069, 0.4699070556664173, 0.4548331285700386, 0.4373192717263728, 0.42352890342841915, 0.41508217965379174, 0.41235065018689193, 0.4025569642767494, 0.399193233821863, 0.40259940462347904, 0.3934563907944126, 0.3937485804896296, 0.38778343502386114, 0.3886121034990122, 0.3842269467350877, 0.3757243141715909, 0.37378801065094674, 0.3867193732732608, 0.36357128583354714, 0.358592657579316, 0.35657896083078267, 0.3531761461937869, 0.351980900047002, 0.35112640261650085, 0.349054162517006, 0.3431987335652481, 0.3427200308184565, 0.3384752054641276, 0.33565069477499265, 0.33545044009332303, 0.3347519685824712, 0.33485829682997714, 0.3304143266545402, 0.32822956494343136, 0.3271951647820296, 0.3243058053431688, 0.3241971848923483, 0.3243774894946887, 0.3228256811882243, 0.3309311978978875, 0.3204504582617018, 0.31905094377788495, 0.3161855362079762, 0.3152052692057174, 0.3136979503396117, 0.31305430277630136, 0.3072240031611772, 0.30253526632800515, 0.29394018677649675, 0.2873559424906601, 0.28091361713998114, 0.27131323939488255, 0.2621443949547815, 0.2468522932426429, 0.2314359575142095, 0.21164260740265434, 0.19013800554805332, 0.16933130068175586, 0.1434252416646039, 0.11247881336344613, 0.08820887247997301]}