{"acc": [0.5115740740740741, 0.5563271604938271, 0.5787037037037037, 0.5702160493827161, 0.5740740740740741, 0.5779320987654321, 0.5864197530864198, 0.6087962962962963, 0.6126543209876543, 0.628858024691358, 0.6296296296296297, 0.6566358024691358, 0.7106481481481481, 0.7129629629629629, 0.6728395061728395, 0.6805555555555556, 0.6936728395061729, 0.7006172839506173, 0.7006172839506173, 0.7067901234567902, 0.7013888888888888, 0.7152777777777778, 0.7013888888888888, 0.7276234567901234, 0.7368827160493827, 0.7391975308641975, 0.7515432098765432, 0.7847222222222222, 0.7986111111111112, 0.8287037037037037, 0.8449074074074074, 0.8858024691358025, 0.9050925925925926, 0.9143518518518519, 0.9182098765432098, 0.9197530864197531, 0.9351851851851852, 0.9490740740740741, 0.9552469135802469, 0.9915123456790124, 0.9984567901234568, 0.9976851851851852, 1.0], "loss": [0.693786695599556, 0.6849613068280397, 0.6777726930600626, 0.6715723969686178, 0.6659155124683439, 0.6540545285851868, 0.6268107810138185, 0.5971693117861394, 0.5840149963343585, 0.5616071610079135, 0.5446623986885871, 0.5306446834432857, 0.5103887867895357, 0.4925630165976875, 0.48368141772139267, 0.466337232005403, 0.44111616571540196, 0.4329836699668962, 0.4171012585384794, 0.4154145485566308, 0.393684049056452, 0.38141063362486477, 0.3768735462569712, 0.3644662314801718, 0.3487431549742555, 0.3424553803975015, 0.3304510136982167, 0.3240047872905838, 0.31428995678441335, 0.2938746208171245, 0.28888287738161045, 0.266422007360593, 0.24439446015925187, 0.2208711040327699, 0.2022194288768748, 0.18292999172990676, 0.15916568883529428, 0.1317624638191594, 0.14893081822393234, 0.09016186324412429, 0.07073213617686745, 0.058920576467277934, 0.045595131435164395]}