{"acc": [0.5154320987654321, 0.5478395061728395, 0.5972222222222222, 0.5933641975308642, 0.5802469135802469, 0.5733024691358025, 0.5949074074074074, 0.6080246913580247, 0.6149691358024691, 0.6296296296296297, 0.621141975308642, 0.6242283950617284, 0.6311728395061729, 0.6219135802469136, 0.6412037037037037, 0.658179012345679, 0.6574074074074074, 0.6458333333333334, 0.6566358024691358, 0.6751543209876543, 0.6589506172839507, 0.6774691358024691, 0.6751543209876543, 0.6643518518518519, 0.7037037037037037, 0.6867283950617284, 0.683641975308642, 0.6936728395061729, 0.7029320987654321, 0.7129629629629629, 0.7361111111111112, 0.7530864197530864, 0.75, 0.7816358024691358, 0.8209876543209876, 0.8402777777777778, 0.8533950617283951, 0.8518518518518519, 0.8734567901234568, 0.8757716049382716, 0.8765432098765432, 0.8780864197530864, 0.8757716049382716, 0.8811728395061729, 0.8873456790123457, 0.8657407407407407, 0.8858024691358025, 0.8726851851851852, 0.8804012345679012, 0.8834876543209876, 0.8834876543209876, 0.8865740740740741, 0.8834876543209876, 0.8896604938271605, 0.8973765432098766, 0.8557098765432098, 0.8433641975308642, 0.8703703703703703, 0.8935185185185185, 0.8842592592592593, 0.8904320987654321, 0.9004629629629629, 0.9074074074074074, 0.9282407407407407, 0.9282407407407407, 0.9390432098765432, 0.9475308641975309, 0.9714506172839507, 0.9729938271604939, 0.9753086419753086, 0.9868827160493827, 0.9969135802469136, 0.9969135802469136, 1.0], "loss": [0.6971075233118034, 0.6880641314718459, 0.6771443158756068, 0.6701646736006678, 0.6634517065536829, 0.6490274610710732, 0.6255011841838742, 0.6135314281707929, 0.6099083923999175, 0.6004670083890726, 0.5921990696662738, 0.58043184692477, 0.5722944114679172, 0.5624824313469875, 0.5532754578708131, 0.5407722905094241, 0.5439027770433897, 0.5325798465881819, 0.5249149702765323, 0.5226892826181871, 0.515233321690265, 0.5041629886369646, 0.5100497818655438, 0.4940296487859738, 0.4816004015781261, 0.47788935173072933, 0.463870959793344, 0.4600473675462935, 0.43814806134244544, 0.4245723502963413, 0.4142329380100156, 0.3905165281928616, 0.4293220443766058, 0.3868510337707437, 0.35492930372740017, 0.3383973224755423, 0.3345638409624865, 0.3230319862702378, 0.30488314679651346, 0.28929093995212035, 0.2781166677811631, 0.2697486762693267, 0.26176127662629256, 0.25362492685010773, 0.23606106797003268, 0.24825256087897737, 0.22977532896523675, 0.22712117086889017, 0.21868626572720615, 0.2149580363644126, 0.20578315368865008, 0.2020553416374174, 0.1966331577917308, 0.18688348509704716, 0.17600676427698797, 0.2835073926842507, 0.32059438884805136, 0.2191483497182712, 0.208623770998078, 0.1811147858546817, 0.16915302744917113, 0.15695635625242074, 0.1501318586150897, 0.14464039694701816, 0.14031658366747937, 0.1329538021452242, 0.12429398940128769, 0.11270860454964417, 0.10726392338552547, 0.10400019152618853, 0.08855045036007478, 0.08202736948280492, 0.08082129237138563, 0.06481905752882063]}