{"acc": [0.5069444444444444, 0.5069444444444444, 0.5185185185185185, 0.5555555555555556, 0.5740740740740741, 0.5324074074074074, 0.5509259259259259, 0.5648148148148148, 0.5555555555555556, 0.5625, 0.5949074074074074, 0.5879629629629629, 0.5925925925925926, 0.5879629629629629, 0.5648148148148148, 0.5740740740740741, 0.5810185185185185, 0.5833333333333334, 0.5625, 0.5810185185185185, 0.5810185185185185, 0.5810185185185185, 0.5486111111111112, 0.5717592592592593, 0.5671296296296297, 0.5625, 0.5833333333333334, 0.6087962962962963, 0.6134259259259259, 0.6111111111111112, 0.5902777777777778, 0.6134259259259259, 0.625, 0.6134259259259259, 0.6134259259259259, 0.6064814814814815, 0.6157407407407407, 0.6273148148148148, 0.6689814814814815, 0.6944444444444444, 0.7013888888888888, 0.6828703703703703, 0.6736111111111112, 0.6689814814814815, 0.6759259259259259, 0.7129629629629629, 0.7037037037037037, 0.7060185185185185, 0.7175925925925926, 0.7430555555555556, 0.7523148148148148, 0.7638888888888888, 0.7430555555555556, 0.7476851851851852, 0.7546296296296297, 0.7847222222222222, 0.7708333333333334, 0.7708333333333334, 0.7708333333333334, 0.7824074074074074, 0.7638888888888888, 0.7777777777777778, 0.7777777777777778, 0.7708333333333334, 0.7800925925925926, 0.7685185185185185, 0.7777777777777778, 0.7870370370370371, 0.7916666666666666, 0.7824074074074074, 0.8009259259259259, 0.8032407407407407, 0.7939814814814815, 0.8009259259259259, 0.7916666666666666, 0.8055555555555556, 0.8125, 0.8148148148148148, 0.8125, 0.8101851851851852, 0.8356481481481481, 0.7939814814814815, 0.8148148148148148, 0.8287037037037037, 0.8726851851851852, 0.9074074074074074, 0.9143518518518519, 0.9074074074074074, 0.9120370370370371, 0.9097222222222222, 0.9236111111111112, 0.9189814814814815, 0.9189814814814815, 0.9212962962962963, 0.9236111111111112, 0.9375, 0.9328703703703703, 0.9143518518518519, 0.9351851851851852, 0.9722222222222222, 0.9699074074074074, 0.9814814814814815, 0.9976851851851852, 0.9884259259259259, 0.9953703703703703, 0.9398148148148148, 0.9328703703703703, 0.9976851851851852, 0.9976851851851852, 0.9976851851851852, 1.0], "loss": [0.7030231146900742, 0.6915833828625856, 0.690589897610523, 0.6871465223806875, 0.6876623658118425, 0.6891626528015843, 0.6829099379203938, 0.6806968682342105, 0.6789832923699308, 0.6792831818262736, 0.6718389171141165, 0.6743937628688635, 0.678846911975631, 0.664030574814037, 0.6696690185754387, 0.6655863007461583, 0.6672560263563085, 0.6601293724444177, 0.6628310178165082, 0.6588425829454705, 0.6563172897806874, 0.6493451512522168, 0.6410438514969967, 0.6425293485323588, 0.6260281172063615, 0.6155535857434626, 0.6021361528999276, 0.5962425882893579, 0.5961709012863813, 0.5862793013177536, 0.5784003657323343, 0.5741851173893169, 0.5684549509099236, 0.5640094781087505, 0.5566293297818413, 0.5493825487792492, 0.542196721666389, 0.5320183636137733, 0.5254485956220715, 0.5119197166490334, 0.5030305807789167, 0.49087113028185236, 0.47550703750716317, 0.48809118862738143, 0.47285316148945306, 0.453559672942868, 0.44503078720083944, 0.43086483608931303, 0.44240471275730264, 0.4322907253409977, 0.41117877385544555, 0.40906553863789197, 0.41681026567325546, 0.40661639326976406, 0.4171619695373592, 0.3934888533420033, 0.3849521544007412, 0.38653157251300635, 0.3782802104467043, 0.37348585919136423, 0.36970899976289795, 0.3775213076840845, 0.3655716090730426, 0.36001784329440584, 0.37572844727051063, 0.3561957279663248, 0.35548393331528466, 0.3437480917200446, 0.3440399424267795, 0.34120649840096356, 0.3408619452783131, 0.33956767515283665, 0.328758196922502, 0.3229110216877113, 0.33313151465996205, 0.31981408412576895, 0.3127723186777008, 0.3078958325010414, 0.3124435779862796, 0.3045761837781895, 0.29222422874213577, 0.34463983411141846, 0.37313980129402613, 0.3381075820098734, 0.2751854020057686, 0.257548996786311, 0.24912935305878314, 0.24381211939045763, 0.24035333806036593, 0.22182484516977435, 0.20142401748388591, 0.19051540779656972, 0.20005746862713109, 0.17530141441858615, 0.1596834540374672, 0.17369311804564116, 0.18543601320642564, 0.2165960658533516, 0.1879770531560536, 0.1238431696805896, 0.115532972876584, 0.1081506426885931, 0.10114513868271995, 0.09374645576496766, 0.09117359440575389, 0.1860798328416422, 0.1724399112798791, 0.08845657206202978, 0.07235103222989926, 0.06549419612377012, 0.058273648409845516]}