{"acc": [0.529320987654321, 0.5578703703703703, 0.5447530864197531, 0.5555555555555556, 0.5601851851851852, 0.5748456790123457, 0.6057098765432098, 0.6041666666666666, 0.6188271604938271, 0.6265432098765432, 0.6219135802469136, 0.621141975308642, 0.625, 0.6396604938271605, 0.6195987654320988, 0.6311728395061729, 0.6558641975308642, 0.6496913580246914, 0.6697530864197531, 0.6682098765432098, 0.6458333333333334, 0.658179012345679, 0.6473765432098766, 0.6527777777777778, 0.6327160493827161, 0.6604938271604939, 0.6720679012345679, 0.6635802469135802, 0.6782407407407407, 0.6574074074074074, 0.6666666666666666, 0.6697530864197531, 0.683641975308642, 0.658179012345679, 0.6875, 0.6674382716049383, 0.6435185185185185, 0.6790123456790124, 0.6566358024691358, 0.6990740740740741, 0.7121913580246914, 0.7368827160493827, 0.7569444444444444, 0.7592592592592593, 0.7654320987654321, 0.7561728395061729, 0.7515432098765432, 0.7662037037037037, 0.7608024691358025, 0.7816358024691358, 0.7854938271604939, 0.7839506172839507, 0.7924382716049383, 0.8109567901234568, 0.8194444444444444, 0.8279320987654321, 0.8371913580246914, 0.8387345679012346, 0.8472222222222222, 0.8541666666666666, 0.8479938271604939, 0.8479938271604939, 0.8665123456790124, 0.8510802469135802, 0.8533950617283951, 0.8618827160493827, 0.8564814814814815, 0.8518518518518519, 0.8634259259259259, 0.8726851851851852, 0.8541666666666666, 0.8518518518518519, 0.8580246913580247, 0.8603395061728395, 0.8572530864197531, 0.8611111111111112, 0.8850308641975309, 0.8757716049382716, 0.8780864197530864, 0.8850308641975309, 0.8927469135802469, 0.8904320987654321, 0.9112654320987654, 0.9074074074074074, 0.9035493827160493, 0.9128086419753086, 0.9220679012345679, 0.9189814814814815, 0.9166666666666666, 0.908179012345679, 0.9212962962962963, 0.9243827160493827, 0.9243827160493827, 0.9220679012345679, 0.9259259259259259, 0.9251543209876543, 0.9243827160493827, 0.9266975308641975, 0.9344135802469136, 0.9367283950617284, 0.9459876543209876, 0.9459876543209876, 0.9405864197530864, 0.9614197530864198, 0.9614197530864198, 0.9791666666666666, 0.9799382716049383, 0.9899691358024691, 0.9807098765432098, 0.9969135802469136, 0.9922839506172839, 0.9969135802469136, 1.0], "loss": [0.6929477100019101, 0.684062835610943, 0.6830655777895892, 0.6727688754046405, 0.6569536578508071, 0.6409132546848721, 0.629070046507282, 0.6164430850817834, 0.6122163298689289, 0.610223200586107, 0.6079223097106556, 0.607071664598253, 0.6028145868101238, 0.5931814246707492, 0.5829728098563206, 0.5788525228883014, 0.5640814848888067, 0.5618584465097498, 0.5494010132036091, 0.5371220391473652, 0.5377118631645486, 0.529156783480703, 0.5208401098663424, 0.5177253322836793, 0.5286478753443118, 0.5094296284663824, 0.5082888308866524, 0.5048841789916709, 0.49788663858248866, 0.49197961886723834, 0.486359754462301, 0.4780953526496887, 0.4747929639286465, 0.46922263871004555, 0.46083306015273673, 0.4611756087821207, 0.4605930576353897, 0.4407306041246579, 0.43106843144805346, 0.4308677124388424, 0.41697976397879327, 0.4116901722219255, 0.40039619619463696, 0.39745771259437374, 0.3876111853269883, 0.3826712119726487, 0.37142241773781953, 0.3641641702916887, 0.3616613186435935, 0.35690929492314655, 0.3440843033201901, 0.341116432790403, 0.334988914154194, 0.3330186097710221, 0.3228035146071587, 0.31381061525992404, 0.3052887397783774, 0.30985321748403855, 0.29549441514191804, 0.28547005704891537, 0.27665524387065277, 0.2775384890444485, 0.27256769677739084, 0.26247272907215874, 0.2542259316017598, 0.24984771601947736, 0.24480015517752848, 0.2390301963429392, 0.23453077011638218, 0.23394464710612356, 0.23514544890250688, 0.22394785082634586, 0.22045169329201733, 0.2182637867000368, 0.2149312299342803, 0.20899097087942523, 0.2032522158122357, 0.20209853571874123, 0.19566995898882547, 0.19654138919747907, 0.1921405319446399, 0.18313557314284054, 0.18122531052816798, 0.17847944612120403, 0.18384470376703474, 0.18342101647530074, 0.17343900509086657, 0.17185225070994578, 0.17163631251012837, 0.17680440925889546, 0.16856852228994723, 0.16503879961408216, 0.16318450941715712, 0.15852625852013813, 0.15599868538570993, 0.15435763347296066, 0.1480405420800786, 0.14138084925987102, 0.13882181848640796, 0.13523208929432762, 0.1333922177185247, 0.12892687891000582, 0.12384347258894532, 0.11778419952333709, 0.11393796395004531, 0.10862577357041983, 0.10303325606165109, 0.09633628168591747, 0.09046669377956862, 0.08551259265269762, 0.08372220075056877, 0.0756267332184462, 0.06959158333915251]}