{"acc": [0.5285493827160493, 0.5470679012345679, 0.5501543209876543, 0.5802469135802469, 0.5655864197530864, 0.5725308641975309, 0.5648148148148148, 0.5702160493827161, 0.5848765432098766, 0.595679012345679, 0.5910493827160493, 0.6203703703703703, 0.6280864197530864, 0.6442901234567902, 0.6975308641975309, 0.7129629629629629, 0.7152777777777778, 0.6990740740740741, 0.6635802469135802, 0.7160493827160493, 0.7492283950617284, 0.7299382716049383, 0.7600308641975309, 0.7422839506172839, 0.7677469135802469, 0.7453703703703703, 0.8055555555555556, 0.8016975308641975, 0.8541666666666666, 0.8634259259259259, 0.9128086419753086, 0.8557098765432098, 0.8896604938271605, 0.8996913580246914, 0.9282407407407407, 0.9645061728395061, 0.9753086419753086, 0.9945987654320988, 0.9922839506172839, 0.9976851851851852, 0.9984567901234568, 0.9652777777777778, 0.9922839506172839, 1.0], "loss": [0.6907363045086832, 0.6869710309913865, 0.6831434982150425, 0.6759263075152298, 0.6711704787556771, 0.6668940483603949, 0.6552658730450972, 0.6346600502959372, 0.6079520932571204, 0.5849292469412134, 0.5645670259247798, 0.5538353608659954, 0.5388140544759894, 0.5346346805741677, 0.5078226263155029, 0.4983146022936081, 0.47779813169423213, 0.4640761931415606, 0.5470852214923356, 0.43647552315785926, 0.4114733839673091, 0.4304820346376935, 0.3724591016492913, 0.37522428351064857, 0.34254939214405916, 0.36915893856519266, 0.3174906750038791, 0.3286887068533872, 0.28368400416202477, 0.2748498548879231, 0.21822505582668328, 0.28927112052859655, 0.2072462920985225, 0.18996645238507257, 0.14433278102335048, 0.11418714350038421, 0.1185304551312616, 0.07215129710604783, 0.07453024762944047, 0.04743920347870182, 0.030705844933716843, 0.12300523656429056, 0.04362737089365076, 0.015974304382050625]}