{"acc": [0.5316358024691358, 0.5524691358024691, 0.5640432098765432, 0.5887345679012346, 0.5902777777777778, 0.6080246913580247, 0.6057098765432098, 0.6118827160493827, 0.6141975308641975, 0.6165123456790124, 0.6365740740740741, 0.6504629629629629, 0.6358024691358025, 0.6504629629629629, 0.6504629629629629, 0.6558641975308642, 0.6589506172839507, 0.6705246913580247, 0.6759259259259259, 0.7013888888888888, 0.720679012345679, 0.7276234567901234, 0.7361111111111112, 0.6890432098765432, 0.6882716049382716, 0.691358024691358, 0.7013888888888888, 0.7276234567901234, 0.720679012345679, 0.7044753086419753, 0.6952160493827161, 0.7037037037037037, 0.7075617283950617, 0.6944444444444444, 0.716820987654321, 0.7106481481481481, 0.716820987654321, 0.7152777777777778, 0.7191358024691358, 0.7175925925925926, 0.7214506172839507, 0.7183641975308642, 0.7237654320987654, 0.7183641975308642, 0.7175925925925926, 0.7353395061728395, 0.7330246913580247, 0.7183641975308642, 0.7330246913580247, 0.7307098765432098, 0.7376543209876543, 0.7307098765432098, 0.7407407407407407, 0.7391975308641975, 0.7476851851851852, 0.7345679012345679, 0.7353395061728395, 0.7469135802469136, 0.7399691358024691, 0.7291666666666666, 0.7307098765432098, 0.7430555555555556, 0.7507716049382716, 0.7253086419753086, 0.7438271604938271, 0.7445987654320988, 0.7222222222222222, 0.7476851851851852, 0.7438271604938271, 0.7330246913580247, 0.7376543209876543, 0.7430555555555556, 0.753858024691358, 0.7654320987654321, 0.7584876543209876, 0.7770061728395061, 0.7932098765432098, 0.8132716049382716, 0.8179012345679012, 0.8317901234567902, 0.8325617283950617, 0.8387345679012346, 0.8557098765432098, 0.8479938271604939, 0.8433641975308642, 0.8564814814814815, 0.8672839506172839, 0.8742283950617284, 0.878858024691358, 0.8819444444444444, 0.8927469135802469, 0.8827160493827161, 0.8842592592592593, 0.8888888888888888, 0.8966049382716049, 0.8989197530864198, 0.9066358024691358, 0.8950617283950617, 0.8950617283950617, 0.9166666666666666, 0.9382716049382716, 0.9560185185185185, 0.9799382716049383, 0.9922839506172839, 0.9861111111111112, 0.9953703703703703, 0.9729938271604939, 0.9845679012345679, 0.9992283950617284, 0.996141975308642, 1.0], "loss": [0.6919353577641794, 0.6844543157214368, 0.6727941215360238, 0.6527039583587019, 0.6345626151506835, 0.6252172684966646, 0.6198085041322705, 0.6155926980137879, 0.6117491093719002, 0.6093963016787713, 0.588870684853456, 0.5900991032643815, 0.5665241018191521, 0.5552983206134483, 0.5485595734124881, 0.5437558511237837, 0.5262741913885245, 0.5121831679454895, 0.5071592355984309, 0.480841673632281, 0.47740766222303815, 0.46833466423664233, 0.4632053245267437, 0.5104293382632417, 0.5454568013925586, 0.5359318734065494, 0.5209923262152385, 0.4537960697740378, 0.48551708097131974, 0.5151742950888621, 0.5199676266704761, 0.517566393349933, 0.49229967363117416, 0.5169806251657721, 0.4958833046996409, 0.493932609601171, 0.4826059746678256, 0.5181911881859514, 0.4826575342475984, 0.48889757210453816, 0.49838191409315913, 0.48687179633245004, 0.4735133268899736, 0.49373051185698374, 0.4831641731436714, 0.465575896800946, 0.4835041030160104, 0.4841919474702937, 0.45743750736843497, 0.4617242706910199, 0.45563574831314807, 0.47295262237198765, 0.4513935021611404, 0.46285972429816113, 0.45407418595693855, 0.4581856990644565, 0.45226847482161014, 0.45116971784314225, 0.4543103019364255, 0.4909942304705406, 0.4516277884503596, 0.4393418146273013, 0.44099518790513886, 0.46338746830232436, 0.44053124405122235, 0.4335842147270185, 0.4676420271382606, 0.42701672750746394, 0.4245540426949074, 0.41665252417845045, 0.4135504116360908, 0.42078617353454056, 0.4020919414972833, 0.38220467545545206, 0.38379269758583096, 0.381494629396312, 0.361405452068663, 0.34362559265117554, 0.3201936314267125, 0.30065010216239496, 0.2948028704619478, 0.28396928950017997, 0.2592498916260119, 0.25948921843282513, 0.2666622035340607, 0.24367141042167587, 0.24243748916225197, 0.2230511130892858, 0.22609516859173537, 0.20947798098414913, 0.20415208987949843, 0.19894855342725218, 0.2052980121862736, 0.1989193822334346, 0.1693448242921205, 0.18761013572502144, 0.1703861256130022, 0.16741489742807175, 0.2280992658157567, 0.13323792297058254, 0.1386734860582795, 0.1552362685347921, 0.11213380326636233, 0.08282830760281511, 0.11377580701019237, 0.06307062110236024, 0.1338890381850045, 0.0946373687090793, 0.034376268417718896, 0.04153199164226548, 0.019487697544530908]}