{"acc": [0.5208333333333334, 0.5547839506172839, 0.5709876543209876, 0.5733024691358025, 0.5709876543209876, 0.5787037037037037, 0.5702160493827161, 0.5949074074074074, 0.5972222222222222, 0.6311728395061729, 0.6736111111111112, 0.7191358024691358, 0.6766975308641975, 0.6751543209876543, 0.6141975308641975, 0.5756172839506173, 0.6334876543209876, 0.6612654320987654, 0.6705246913580247, 0.6620370370370371, 0.6736111111111112, 0.6658950617283951, 0.6597222222222222, 0.6820987654320988, 0.6643518518518519, 0.6628086419753086, 0.6643518518518519, 0.6859567901234568, 0.6990740740740741, 0.7013888888888888, 0.7152777777777778, 0.7098765432098766, 0.7052469135802469, 0.7175925925925926, 0.7067901234567902, 0.7006172839506173, 0.7006172839506173, 0.7091049382716049, 0.7060185185185185, 0.7191358024691358, 0.7044753086419753, 0.7075617283950617, 0.7129629629629629, 0.6990740740740741, 0.7052469135802469, 0.7191358024691358, 0.7237654320987654, 0.75, 0.7692901234567902, 0.7978395061728395, 0.8657407407407407, 0.8703703703703703, 0.8850308641975309, 0.9035493827160493, 0.9320987654320988, 0.9567901234567902, 0.9868827160493827, 0.9861111111111112, 0.9976851851851852, 0.9807098765432098, 0.9992283950617284, 0.9907407407407407, 0.9976851851851852, 0.9830246913580247, 0.9097222222222222, 0.9614197530864198, 0.9953703703703703, 1.0], "loss": [0.69501816134118, 0.6858009465820627, 0.680062466967897, 0.6730636108126261, 0.6706486944235678, 0.6636462369933724, 0.6444508934876433, 0.6096618300109612, 0.5705632871792271, 0.5512498875295462, 0.5364627468379927, 0.5118917509923417, 0.5196628006860349, 0.47359616317423586, 0.5459680165066234, 0.603006248654347, 0.5764045183117146, 0.5685802401489695, 0.5642962474062491, 0.5610235944607027, 0.5466099158027575, 0.5477846358341796, 0.5450694848838366, 0.5440257414228261, 0.5393832271679476, 0.5339365476158446, 0.5265566262858096, 0.5259466686480029, 0.5183525382346478, 0.5136919641442678, 0.4996302326417619, 0.4908737656605731, 0.4973402122031768, 0.4834707874289344, 0.4852273646523996, 0.49462688375602365, 0.49067403233749685, 0.49404010841681273, 0.48168597778250183, 0.47059050544002645, 0.48023188578561476, 0.4872688110183909, 0.4639601123013807, 0.46916935662710135, 0.4582981124432531, 0.44745523254980835, 0.44428008157141563, 0.4173823314513695, 0.39745862762915596, 0.3727562262668071, 0.2834260799389105, 0.24697230320459929, 0.22319709955325753, 0.1987339023287142, 0.17454964344595497, 0.1363267202284323, 0.0996685136531943, 0.09595332962063341, 0.04973211966716503, 0.10669283210942149, 0.02651959676577182, 0.03472991989956925, 0.017321984544459806, 0.12079015073006318, 0.32693770523543314, 0.10148124054040031, 0.04013508732700797, 0.01043261851212977]}