{"acc": [0.5308641975308642, 0.5578703703703703, 0.5640432098765432, 0.5794753086419753, 0.5702160493827161, 0.595679012345679, 0.6157407407407407, 0.6095679012345679, 0.6087962962962963, 0.6033950617283951, 0.6265432098765432, 0.6126543209876543, 0.6111111111111112, 0.6481481481481481, 0.6851851851851852, 0.7183641975308642, 0.720679012345679, 0.7322530864197531, 0.7245370370370371, 0.7299382716049383, 0.7415123456790124, 0.7345679012345679, 0.7453703703703703, 0.7469135802469136, 0.7577160493827161, 0.7438271604938271, 0.7723765432098766, 0.7669753086419753, 0.7654320987654321, 0.779320987654321, 0.7592592592592593, 0.7608024691358025, 0.7777777777777778, 0.7908950617283951, 0.7893518518518519, 0.8179012345679012, 0.8464506172839507, 0.8472222222222222, 0.8487654320987654, 0.8819444444444444, 0.8842592592592593, 0.8819444444444444, 0.8804012345679012, 0.9020061728395061, 0.9004629629629629, 0.8989197530864198, 0.8942901234567902, 0.8919753086419753, 0.9097222222222222, 0.9197530864197531, 0.9066358024691358, 0.9158950617283951, 0.9251543209876543, 0.8950617283950617, 0.9390432098765432, 0.9313271604938271, 0.9436728395061729, 0.9583333333333334, 0.9583333333333334, 0.9660493827160493, 0.9837962962962963, 0.9822530864197531, 0.9938271604938271, 0.9984567901234568, 0.9922839506172839, 0.9768518518518519, 1.0], "loss": [0.6952302686778116, 0.6828346622210962, 0.6747387949331307, 0.662140446588581, 0.6423785233019311, 0.6248653183380762, 0.6139101870817902, 0.6123537208746981, 0.605260661492745, 0.6005836955191176, 0.5890566846470774, 0.5715133453500859, 0.5515833586730339, 0.5185416574348454, 0.5003845464254235, 0.48123716760748697, 0.4631932467095738, 0.4558639477863498, 0.4423134586037953, 0.4283749275283175, 0.4193029394495462, 0.43029420435741933, 0.4049985766501373, 0.4026536643444014, 0.38880901902204057, 0.38145034523741167, 0.37516176465246254, 0.3726351554160593, 0.35942108159235187, 0.35776847734697736, 0.38771587431166366, 0.35359043299661014, 0.3560692094177307, 0.34243690800967336, 0.3275403287746788, 0.3094342394910155, 0.295386919107886, 0.2980746709408665, 0.3012157244723503, 0.2540961993133497, 0.25424956080588557, 0.22990477342017707, 0.22148496051783167, 0.2062129440692607, 0.19840801935168673, 0.18913594846387163, 0.1971135030164729, 0.20253599456254173, 0.18350449100254967, 0.1651369761327069, 0.1706790437836524, 0.14717319726251946, 0.15335216863843892, 0.25071410464748445, 0.134429784441636, 0.12664321209688942, 0.12085791127546942, 0.11703137981318978, 0.11055994600646506, 0.10405526723751578, 0.09746527528962663, 0.09930300749016888, 0.08057035520396537, 0.06921055734061538, 0.07355198751453973, 0.11966859339848686, 0.04445098666320395]}