{"acc": [0.5185185185185185, 0.5509259259259259, 0.5594135802469136, 0.5756172839506173, 0.5702160493827161, 0.5740740740740741, 0.5833333333333334, 0.5964506172839507, 0.6188271604938271, 0.6134259259259259, 0.6165123456790124, 0.6365740740740741, 0.6195987654320988, 0.6504629629629629, 0.6658950617283951, 0.6674382716049383, 0.6929012345679012, 0.7052469135802469, 0.7091049382716049, 0.7083333333333334, 0.7314814814814815, 0.7214506172839507, 0.7330246913580247, 0.7376543209876543, 0.75, 0.7453703703703703, 0.7438271604938271, 0.7445987654320988, 0.7615740740740741, 0.753858024691358, 0.753858024691358, 0.7677469135802469, 0.7631172839506173, 0.7824074074074074, 0.7878086419753086, 0.8217592592592593, 0.8441358024691358, 0.8665123456790124, 0.8726851851851852, 0.878858024691358, 0.8904320987654321, 0.8981481481481481, 0.9097222222222222, 0.9004629629629629, 0.9089506172839507, 0.8973765432098766, 0.9112654320987654, 0.9097222222222222, 0.9104938271604939, 0.9066358024691358, 0.9143518518518519, 0.904320987654321, 0.9112654320987654, 0.9104938271604939, 0.9151234567901234, 0.9166666666666666, 0.9259259259259259, 0.9266975308641975, 0.9228395061728395, 0.9290123456790124, 0.9452160493827161, 0.9506172839506173, 0.9737654320987654, 0.9699074074074074, 0.9853395061728395, 0.9953703703703703, 0.9953703703703703, 0.9945987654320988, 0.9984567901234568, 0.9984567901234568, 0.9992283950617284, 1.0], "loss": [0.6936577808709792, 0.6832689856305535, 0.6817519694198797, 0.6755594118141833, 0.6652749085131987, 0.6562582927721518, 0.6410101140722816, 0.6215490411829065, 0.6074927754608201, 0.5999657371897756, 0.5977596640586853, 0.5809274382061429, 0.5744201158299859, 0.5644677248266008, 0.5354391148796788, 0.5261770755420496, 0.5063176714343789, 0.4944647933229988, 0.49120518822728854, 0.47900044550130394, 0.46846977280981744, 0.46075143619084064, 0.45010883627850334, 0.44548247368247423, 0.4394066931656849, 0.4293178822155352, 0.4264562845598032, 0.4219963866987346, 0.41176767812834847, 0.40381624172499153, 0.39481553619290577, 0.3861692511005166, 0.3787741184602549, 0.3638666698962082, 0.3472400614876806, 0.33437223695678475, 0.31720183900109045, 0.3064510143465466, 0.28621430777841145, 0.2715679394242204, 0.259305929236206, 0.2447683764276681, 0.23233783806179775, 0.2264292482746604, 0.2167106209161841, 0.21249793469905853, 0.20660769571492701, 0.2034249729304402, 0.19773304439437242, 0.19420176992813745, 0.1875199677399647, 0.18838837142619821, 0.18209802122487698, 0.1680747448110286, 0.16995314504077405, 0.161365683707926, 0.1552383476799285, 0.14960000707687418, 0.14190740225675666, 0.13750086360277586, 0.12489273826833125, 0.12049307287843139, 0.11343556927678025, 0.10563652520930325, 0.09457012606255802, 0.08622977945861625, 0.07903651493015112, 0.0739568156523653, 0.06358796785827037, 0.06052621492518135, 0.052739023702380095, 0.04575047199326901]}