{"acc": [0.5192901234567902, 0.5447530864197531, 0.5617283950617284, 0.5740740740740741, 0.5787037037037037, 0.5910493827160493, 0.5794753086419753, 0.5995370370370371, 0.6234567901234568, 0.6257716049382716, 0.6882716049382716, 0.6759259259259259, 0.7052469135802469, 0.6651234567901234, 0.6774691358024691, 0.7391975308641975, 0.6658950617283951, 0.6689814814814815, 0.6736111111111112, 0.7469135802469136, 0.6597222222222222, 0.6682098765432098, 0.7245370370370371, 0.7754629629629629, 0.7631172839506173, 0.7978395061728395, 0.8125, 0.8279320987654321, 0.7746913580246914, 0.8063271604938271, 0.8495370370370371, 0.8634259259259259, 0.8734567901234568, 0.8919753086419753, 0.8904320987654321, 0.8850308641975309, 0.8958333333333334, 0.9058641975308642, 0.8302469135802469, 0.8202160493827161, 0.8325617283950617, 0.8125, 0.8132716049382716, 0.8464506172839507, 0.8325617283950617, 0.8364197530864198, 0.8310185185185185, 0.8464506172839507, 0.8271604938271605, 0.8518518518518519, 0.8503086419753086, 0.8140432098765432, 0.8387345679012346, 0.8618827160493827, 0.8742283950617284, 0.8734567901234568, 0.8865740740740741, 0.8973765432098766, 0.8873456790123457, 0.9066358024691358, 0.8773148148148148, 0.9097222222222222, 0.9205246913580247, 0.8649691358024691, 0.8734567901234568, 0.875, 0.9135802469135802, 0.9282407407407407, 0.9560185185185185, 0.9529320987654321, 0.9822530864197531, 0.9722222222222222, 1.0], "loss": [0.6957014024395634, 0.6842867914518272, 0.6786294768529909, 0.6681188547086937, 0.6587792890962719, 0.6498469674649338, 0.6139138524986827, 0.5883021487444902, 0.5645840714122456, 0.5444009334202606, 0.5242279760451384, 0.5001948952471912, 0.4736585820078879, 0.5125164794255043, 0.5181743308493061, 0.4412450623408117, 0.5223754960359972, 0.5268183698840524, 0.4875347999171846, 0.4331332198766498, 0.5180964543333049, 0.508132996638308, 0.4497636924622453, 0.39799837235267277, 0.3975087934048415, 0.3576850109325385, 0.3367574820371975, 0.3069590311020888, 0.48502895591422285, 0.39868268771266047, 0.3682192320951748, 0.3464757708028237, 0.32107367801836906, 0.2982103158854064, 0.2820988283728043, 0.28072070722958853, 0.2458914547265119, 0.23755748472183694, 0.36081647047315474, 0.3417417390956741, 0.3143829266056254, 0.3606331444463811, 0.3709857860925972, 0.3000415769534879, 0.29806472380245574, 0.29317381219529937, 0.311229090720616, 0.26802962813540404, 0.32545784666383726, 0.2615442734301901, 0.2886989414435026, 0.3057663805226277, 0.2745637909782226, 0.25102200841722255, 0.2278870253193997, 0.2507477854737147, 0.20955539327180986, 0.18406956447671435, 0.2122338600205044, 0.18042861928225584, 0.2632647783453148, 0.17686187241692977, 0.17774779753614456, 0.25770450200191947, 0.23736777393764524, 0.22217162806359134, 0.17779937773989699, 0.15990531671680247, 0.1224801136350863, 0.13459229027862538, 0.073112160911497, 0.10239641592476265, 0.023333826267857093]}