{"acc": [0.5354938271604939, 0.5470679012345679, 0.5555555555555556, 0.5632716049382716, 0.5709876543209876, 0.5694444444444444, 0.566358024691358, 0.5964506172839507, 0.6026234567901234, 0.6072530864197531, 0.6226851851851852, 0.6234567901234568, 0.6350308641975309, 0.6682098765432098, 0.6983024691358025, 0.7199074074074074, 0.7476851851851852, 0.6998456790123457, 0.7492283950617284, 0.7523148148148148, 0.7600308641975309, 0.7561728395061729, 0.7646604938271605, 0.7592592592592593, 0.7708333333333334, 0.7700617283950617, 0.7646604938271605, 0.7577160493827161, 0.7577160493827161, 0.7677469135802469, 0.7716049382716049, 0.7739197530864198, 0.783179012345679, 0.7800925925925926, 0.8371913580246914, 0.8487654320987654, 0.8657407407407407, 0.8780864197530864, 0.8472222222222222, 0.8850308641975309, 0.8927469135802469, 0.8896604938271605, 0.8966049382716049, 0.9135802469135802, 0.9197530864197531, 0.9483024691358025, 0.9629629629629629, 0.9791666666666666, 0.9853395061728395, 0.9984567901234568, 0.996141975308642, 1.0], "loss": [0.6931923543229516, 0.6887222863273856, 0.6857850684059991, 0.6767987340320776, 0.6733308029763493, 0.6603881525404659, 0.6436137124712085, 0.6175096888601044, 0.6023372634325499, 0.6010998719268374, 0.5873272744593797, 0.5742966481197027, 0.5485373236882833, 0.5200580985825739, 0.5028774910318998, 0.475349305772487, 0.45547099677086983, 0.47545133383921634, 0.4343585118099495, 0.4254375679625405, 0.41833558393481335, 0.41180108588786773, 0.40160739210284785, 0.3983096173148096, 0.3895617073608769, 0.3788857781040816, 0.3784567294757307, 0.36233480658704115, 0.35943191398487045, 0.355368862181534, 0.3514382326860487, 0.33331181288317396, 0.31798845277754245, 0.30520038835612345, 0.2835639439477229, 0.2653414183813665, 0.24621540705822867, 0.2225984342534233, 0.28379743497381793, 0.2435256803845182, 0.19819229075478184, 0.1819984123720155, 0.17452842619178105, 0.15549716980621955, 0.1459569126018323, 0.1280271396972239, 0.12656469371623968, 0.10572858841767833, 0.09020522361287824, 0.07791914844189851, 0.06678264001298144, 0.05479629728281985]}