{"acc": [0.5100308641975309, 0.5694444444444444, 0.5655864197530864, 0.5679012345679012, 0.6026234567901234, 0.5771604938271605, 0.5725308641975309, 0.5887345679012346, 0.6010802469135802, 0.6226851851851852, 0.6165123456790124, 0.6041666666666666, 0.6057098765432098, 0.6481481481481481, 0.6712962962962963, 0.6851851851851852, 0.6743827160493827, 0.6890432098765432, 0.7137345679012346, 0.6975308641975309, 0.7137345679012346, 0.7291666666666666, 0.7430555555555556, 0.753858024691358, 0.7577160493827161, 0.7638888888888888, 0.7631172839506173, 0.7546296296296297, 0.7561728395061729, 0.7584876543209876, 0.7615740740740741, 0.7669753086419753, 0.7577160493827161, 0.7577160493827161, 0.7523148148148148, 0.7507716049382716, 0.7685185185185185, 0.7554012345679012, 0.753858024691358, 0.7723765432098766, 0.7631172839506173, 0.7754629629629629, 0.7955246913580247, 0.8125, 0.8217592592592593, 0.8503086419753086, 0.8549382716049383, 0.8881172839506173, 0.8881172839506173, 0.904320987654321, 0.8950617283950617, 0.8927469135802469, 0.8996913580246914, 0.9104938271604939, 0.9212962962962963, 0.9266975308641975, 0.9259259259259259, 0.9320987654320988, 0.941358024691358, 0.9205246913580247, 0.9452160493827161, 0.9637345679012346, 0.9814814814814815, 0.9884259259259259, 0.9922839506172839, 0.9945987654320988, 0.9984567901234568, 0.9984567901234568, 0.9992283950617284, 0.9976851851851852, 0.9992283950617284, 0.9992283950617284, 0.9992283950617284, 1.0], "loss": [0.6963502897156609, 0.6836061595398703, 0.678805371861399, 0.6733437048064338, 0.6668435960640142, 0.6581390014401188, 0.6431770979622264, 0.6325529559894845, 0.6110914724844473, 0.5922606855998804, 0.5862827293666792, 0.5663722190592024, 0.5471684366096685, 0.5308494887970112, 0.5202793846895666, 0.4986705975032147, 0.4813724726806452, 0.46769708505383245, 0.4577377122125508, 0.4443516168329451, 0.443058392147959, 0.4381287219347777, 0.425413202724339, 0.41734895754007645, 0.40348541405465865, 0.4011554484382088, 0.39444643406220425, 0.4044265588860453, 0.3872622084102513, 0.38138363188431584, 0.3770651843076871, 0.37352402949774705, 0.3663295658282292, 0.3671805071242062, 0.367553284138809, 0.3576555277830289, 0.3543373063022708, 0.3507944271888262, 0.3451354295751195, 0.3504582417232019, 0.33583555931662334, 0.3292460914379285, 0.3225338585030885, 0.3061096673762357, 0.29592959821960074, 0.2882664818086742, 0.27209215335271975, 0.25840392405236207, 0.249486126281597, 0.23869109328514265, 0.229335980190907, 0.22096415227394045, 0.20764342741465863, 0.18924152814311745, 0.18053813184393042, 0.17219964125090176, 0.1695249254044927, 0.15496951134668457, 0.14825244565252904, 0.24867457077826982, 0.14840806827501016, 0.1315566260413623, 0.11493997616164478, 0.1079708223035674, 0.1018770739528132, 0.09424881213977013, 0.08484501138697435, 0.07737743564777905, 0.07144898465938038, 0.06682036205390353, 0.05889393522599597, 0.053943672987781924, 0.0490901605858479, 0.04248379928600273]}