{"acc": [0.5200617283950617, 0.5100308641975309, 0.5694444444444444, 0.5378086419753086, 0.5717592592592593, 0.566358024691358, 0.5825617283950617, 0.5771604938271605, 0.5763888888888888, 0.6003086419753086, 0.6018518518518519, 0.6458333333333334, 0.6358024691358025, 0.6195987654320988, 0.6311728395061729, 0.6188271604938271, 0.6280864197530864, 0.621141975308642, 0.6257716049382716, 0.6342592592592593, 0.625, 0.6427469135802469, 0.6473765432098766, 0.6442901234567902, 0.6435185185185185, 0.6550925925925926, 0.6520061728395061, 0.6558641975308642, 0.6805555555555556, 0.6759259259259259, 0.6805555555555556, 0.6705246913580247, 0.6736111111111112, 0.6720679012345679, 0.6797839506172839, 0.6620370370370371, 0.6658950617283951, 0.6597222222222222, 0.6666666666666666, 0.6520061728395061, 0.6520061728395061, 0.6450617283950617, 0.6689814814814815, 0.6396604938271605, 0.6520061728395061, 0.6574074074074074, 0.654320987654321, 0.6635802469135802, 0.6736111111111112, 0.6612654320987654, 0.6612654320987654, 0.6682098765432098, 0.6790123456790124, 0.7067901234567902, 0.6929012345679012, 0.7191358024691358, 0.720679012345679, 0.746141975308642, 0.7515432098765432, 0.7847222222222222, 0.7677469135802469, 0.7808641975308642, 0.7893518518518519, 0.808641975308642, 0.8094135802469136, 0.8186728395061729, 0.8202160493827161, 0.8271604938271605, 0.816358024691358, 0.8410493827160493, 0.8225308641975309, 0.8240740740740741, 0.8240740740740741, 0.8341049382716049, 0.8441358024691358, 0.8233024691358025, 0.8325617283950617, 0.8364197530864198, 0.8387345679012346, 0.8325617283950617, 0.845679012345679, 0.8634259259259259, 0.8441358024691358, 0.8533950617283951, 0.8726851851851852, 0.8919753086419753, 0.8919753086419753, 0.8904320987654321, 0.8973765432098766, 0.8927469135802469, 0.8919753086419753, 0.8966049382716049, 0.8935185185185185, 0.9004629629629629, 0.9112654320987654, 0.9236111111111112, 0.9251543209876543, 0.9290123456790124, 0.941358024691358, 0.9405864197530864, 0.9498456790123457, 0.9537037037037037, 0.966820987654321, 0.9699074074074074, 0.9776234567901234, 0.9814814814814815, 0.9930555555555556, 0.9922839506172839, 0.9992283950617284, 1.0], "loss": [0.6926043916631628, 0.6949653537185104, 0.6832818425731895, 0.6826543013254801, 0.6775269523079013, 0.6766622839150606, 0.6652049245657744, 0.6564994152681327, 0.6401493689160288, 0.6293965953367727, 0.61866060451225, 0.6136745155593495, 0.6074394546909097, 0.6064566579865821, 0.6071856676796337, 0.6000459282486527, 0.5918652341689592, 0.5804389310471806, 0.5737357507517309, 0.5725969046722224, 0.580929214939659, 0.5608432697661129, 0.5537785887718201, 0.5500147975521323, 0.5470877900535678, 0.5451758099190983, 0.5559289617302977, 0.5428237760508502, 0.5364995665020413, 0.5388360369352647, 0.5346396793553858, 0.5278636636557402, 0.5232617222232583, 0.518243423950525, 0.5165516623744258, 0.51312443797971, 0.5121821716979698, 0.5024127695295546, 0.4987682288075671, 0.4965675841143102, 0.4937649439146489, 0.49132474116337155, 0.48917351644716145, 0.48264814600532435, 0.4787323607338799, 0.4742077107046857, 0.4677597026766082, 0.46354935676963244, 0.4598948970253085, 0.45544155880256937, 0.45716291150929017, 0.44644410227551873, 0.4383947025110692, 0.43434335640919064, 0.4309611607480932, 0.4278076143912327, 0.42284701120706253, 0.4175090627905763, 0.41073492022208224, 0.40187375707390866, 0.3997646595960782, 0.39115244959607537, 0.3820919199490253, 0.37498118608822056, 0.3661537034276091, 0.36052864385239874, 0.3542273592801742, 0.3483023728117531, 0.34776381062872613, 0.3393851971184766, 0.3331304391225179, 0.32865964630503713, 0.319676481647256, 0.31511091928423185, 0.31046664126125384, 0.3134375446372562, 0.30267419123355255, 0.2960713693389186, 0.2899855040473702, 0.28334736198554805, 0.2788099462603345, 0.2717849772285532, 0.2684970667332779, 0.26381384553732695, 0.25473868294998453, 0.24557459795916523, 0.2390114775410405, 0.2388119351716689, 0.2297574907173345, 0.22402646291403122, 0.21788766281104383, 0.2078459299640891, 0.20133233769440356, 0.196113070588053, 0.1884575922180105, 0.18017691631376007, 0.1749735263026791, 0.16898835790746006, 0.16058419276902705, 0.15410395886427092, 0.1505255434708095, 0.14250002525470876, 0.13424442892457233, 0.13345407335846513, 0.12498042539313987, 0.11480726559221009, 0.10964927224465358, 0.10290890490567242, 0.09580904824866189, 0.09057665455304546]}