{"acc": [0.5216049382716049, 0.5725308641975309, 0.5756172839506173, 0.5856481481481481, 0.5779320987654321, 0.5740740740740741, 0.5756172839506173, 0.5833333333333334, 0.5709876543209876, 0.5864197530864198, 0.5733024691358025, 0.6797839506172839, 0.6975308641975309, 0.7021604938271605, 0.7060185185185185, 0.7322530864197531, 0.7391975308641975, 0.7623456790123457, 0.7692901234567902, 0.7862654320987654, 0.7932098765432098, 0.8047839506172839, 0.8233024691358025, 0.8194444444444444, 0.8657407407407407, 0.8912037037037037, 0.9313271604938271, 0.9683641975308642, 0.9938271604938271, 0.9976851851851852, 0.9992283950617284, 0.9907407407407407, 0.9992283950617284, 1.0], "loss": [0.6942114108874474, 0.6836290525065528, 0.6765249914225236, 0.6717849668161369, 0.6638798129595356, 0.6573487949776061, 0.6468214085440577, 0.6323596441451415, 0.6200618675829451, 0.5864982432743282, 0.5576952489115942, 0.527846185007581, 0.4974872740560476, 0.4730990417071699, 0.4442943610066985, 0.4228653846550043, 0.39783492107605445, 0.3841339722678157, 0.3738729065732547, 0.3626591468385829, 0.3531492616302897, 0.33741203743610876, 0.31937495449861153, 0.3107302388151889, 0.26631329240550305, 0.2543806705511043, 0.1937411057309716, 0.15483857747946145, 0.11603761365107924, 0.08219384250858436, 0.05896080081530036, 0.07105442173040635, 0.03501122359249829, 0.02467858139735418]}