{"acc": [0.5285493827160493, 0.5779320987654321, 0.5740740740740741, 0.5702160493827161, 0.566358024691358, 0.5817901234567902, 0.5717592592592593, 0.5972222222222222, 0.5995370370370371, 0.5949074074074074, 0.6195987654320988, 0.6720679012345679, 0.6527777777777778, 0.6242283950617284, 0.6226851851851852, 0.6149691358024691, 0.6304012345679012, 0.6257716049382716, 0.6172839506172839, 0.6265432098765432, 0.6365740740740741, 0.6273148148148148, 0.625, 0.6311728395061729, 0.6419753086419753, 0.6790123456790124, 0.7060185185185185, 0.7330246913580247, 0.7584876543209876, 0.7430555555555556, 0.7662037037037037, 0.7044753086419753, 0.753858024691358, 0.7422839506172839, 0.6875, 0.6936728395061729, 0.7060185185185185, 0.7237654320987654, 0.6975308641975309, 0.6381172839506173, 0.6319444444444444, 0.6404320987654321, 0.6682098765432098, 0.6751543209876543, 0.7407407407407407, 0.7662037037037037, 0.7800925925925926, 0.7615740740740741, 0.7677469135802469, 0.7669753086419753, 0.7700617283950617, 0.7615740740740741, 0.7746913580246914, 0.7824074074074074, 0.8256172839506173, 0.9050925925925926, 0.9552469135802469, 0.9583333333333334, 0.9915123456790124, 0.9853395061728395, 0.9945987654320988, 0.8402777777777778, 0.9552469135802469, 0.9922839506172839, 0.9837962962962963, 0.9984567901234568, 0.9845679012345679, 0.966820987654321, 0.9853395061728395, 0.9884259259259259, 0.9899691358024691, 0.9598765432098766, 0.9945987654320988, 1.0], "loss": [0.693835611604614, 0.6838979970341847, 0.6761624263024625, 0.6713941679508598, 0.6649948539741245, 0.6568456454961388, 0.6392077351747839, 0.6127781536614085, 0.5975045529711578, 0.573759840329948, 0.5462660048164881, 0.5247369110343524, 0.5947849655712621, 0.6157651328827387, 0.6129283297859146, 0.6134783367274802, 0.6119832837797328, 0.6156691538546712, 0.60834252938974, 0.6086468158138343, 0.599481646305209, 0.5931013366895497, 0.5964163388308845, 0.5843851115173984, 0.5714548144953516, 0.49111592202834686, 0.44413705927918606, 0.3976380760574147, 0.36540865804731937, 0.3574726397185899, 0.32607395255955884, 0.47402333105754824, 0.3519213216531466, 0.42414371928320066, 0.49189253692313123, 0.5067455740906067, 0.45496564395068195, 0.43883636684268473, 0.45817973874727685, 0.5603122246765353, 0.5323258767042474, 0.5225880544009815, 0.5183403783601446, 0.4739257304139584, 0.4340358886783544, 0.41893943099541275, 0.3727137955267417, 0.3905891837753507, 0.38175056133422913, 0.35083858037932614, 0.34317376465252664, 0.3660350063120922, 0.3167258413948641, 0.2931477577326686, 0.30462196594576385, 0.22572157649561786, 0.1837678834947163, 0.1785727561408128, 0.09068443994561567, 0.08956324709374185, 0.057681381185885915, 0.3575811079687134, 0.19011769534170975, 0.10904275655993843, 0.10528328807977043, 0.057097055598630514, 0.09410099021389343, 0.11328489299053635, 0.07202176680276837, 0.061407648317642685, 0.06716369289602488, 0.1314009094549173, 0.03265034495260585, 0.020181952687860622]}