{"acc": [0.5300925925925926, 0.5401234567901234, 0.5439814814814815, 0.5810185185185185, 0.6064814814814815, 0.6180555555555556, 0.6157407407407407, 0.6273148148148148, 0.6134259259259259, 0.625, 0.6280864197530864, 0.6257716049382716, 0.6412037037037037, 0.628858024691358, 0.6334876543209876, 0.6334876543209876, 0.6365740740740741, 0.6419753086419753, 0.6404320987654321, 0.6265432098765432, 0.6473765432098766, 0.6612654320987654, 0.6419753086419753, 0.6635802469135802, 0.6597222222222222, 0.6875, 0.6782407407407407, 0.6697530864197531, 0.6589506172839507, 0.6574074074074074, 0.6635802469135802, 0.6566358024691358, 0.6450617283950617, 0.6496913580246914, 0.6682098765432098, 0.6550925925925926, 0.6697530864197531, 0.6898148148148148, 0.7137345679012346, 0.7114197530864198, 0.7322530864197531, 0.7407407407407407, 0.7561728395061729, 0.7816358024691358, 0.7908950617283951, 0.8040123456790124, 0.8179012345679012, 0.8263888888888888, 0.8641975308641975, 0.8773148148148148, 0.8927469135802469, 0.8850308641975309, 0.8271604938271605, 0.8996913580246914, 0.9135802469135802, 0.9143518518518519, 0.9182098765432098, 0.9197530864197531, 0.9151234567901234, 0.9236111111111112, 0.9274691358024691, 0.9220679012345679, 0.8726851851851852, 0.9027777777777778, 0.9251543209876543, 0.9506172839506173, 0.9637345679012346, 0.9606481481481481, 0.9837962962962963, 0.9907407407407407, 0.9953703703703703, 0.9969135802469136, 0.9992283950617284, 1.0], "loss": [0.6931450079068725, 0.6822839852100537, 0.6719910713073648, 0.6516833074022959, 0.631555293261269, 0.6198111346198453, 0.6197790798765642, 0.6173671891935814, 0.614819832008194, 0.6096010189733387, 0.6137126015016326, 0.6069845493744921, 0.5949768869689217, 0.5888029622074998, 0.5816410299344563, 0.5790373356437978, 0.5725036935397873, 0.5665879558173963, 0.5611015406011799, 0.5702162287485453, 0.5557007028456823, 0.5500424501980529, 0.5508112220300568, 0.5450901666909088, 0.5449518141693172, 0.5375233692703424, 0.5296707258180335, 0.5337934758238219, 0.5238959013403933, 0.51628146044634, 0.5143757979673, 0.5008355838729551, 0.49991899604598683, 0.491724948755201, 0.4868973772972822, 0.48459917502362787, 0.4749362189926345, 0.4597065131306464, 0.44980211292083067, 0.45953106635284646, 0.4391742442952998, 0.4291338689404649, 0.4262228247100188, 0.3986911660313238, 0.39195345647426116, 0.37202465538809326, 0.3483635271499853, 0.3708369132694731, 0.314457542298554, 0.294965564319289, 0.27885112637374765, 0.2917425320411883, 0.348636408711891, 0.2552943687543221, 0.22800059787308177, 0.21243925609361428, 0.19917596104880184, 0.19581649591483807, 0.19462490027603682, 0.1734366993880457, 0.16238387267989265, 0.16074189889592544, 0.2992137274335686, 0.20054213343192479, 0.1436330368041699, 0.12974914916313862, 0.11841072455780828, 0.12840672190995306, 0.09897132543990687, 0.08980127891086734, 0.07622843783721472, 0.07272922467631042, 0.057596408599768785, 0.04516423296562057]}