{"acc": [0.5, 0.5447530864197531, 0.5679012345679012, 0.5841049382716049, 0.6057098765432098, 0.6080246913580247, 0.621141975308642, 0.6180555555555556, 0.6149691358024691, 0.6126543209876543, 0.6280864197530864, 0.6319444444444444, 0.6234567901234568, 0.628858024691358, 0.6273148148148148, 0.6442901234567902, 0.6242283950617284, 0.6520061728395061, 0.6327160493827161, 0.628858024691358, 0.6481481481481481, 0.6435185185185185, 0.6450617283950617, 0.6473765432098766, 0.6404320987654321, 0.6327160493827161, 0.6628086419753086, 0.6388888888888888, 0.6550925925925926, 0.6743827160493827, 0.6797839506172839, 0.7106481481481481, 0.7191358024691358, 0.7615740740740741, 0.7523148148148148, 0.7546296296296297, 0.7430555555555556, 0.7407407407407407, 0.7384259259259259, 0.7137345679012346, 0.7638888888888888, 0.7430555555555556, 0.7415123456790124, 0.7237654320987654, 0.7214506172839507, 0.7376543209876543, 0.7561728395061729, 0.7916666666666666, 0.779320987654321, 0.7777777777777778, 0.7947530864197531, 0.7199074074074074, 0.7283950617283951, 0.6936728395061729, 0.7260802469135802, 0.7299382716049383, 0.7175925925925926, 0.7006172839506173, 0.7384259259259259, 0.7214506172839507, 0.7623456790123457, 0.7970679012345679, 0.8333333333333334, 0.8472222222222222, 0.8479938271604939, 0.871141975308642, 0.8626543209876543, 0.8703703703703703, 0.8634259259259259, 0.875, 0.8850308641975309, 0.9128086419753086, 0.904320987654321, 0.9591049382716049, 0.9637345679012346, 0.9891975308641975, 0.9884259259259259, 0.9861111111111112, 0.9945987654320988, 1.0], "loss": [0.6938342537822915, 0.6873414444616409, 0.680996051132909, 0.664015868799416, 0.6283097918208507, 0.6233235098456763, 0.6176418118276131, 0.6202708555680412, 0.621667794505837, 0.6116945412069236, 0.6307536051567807, 0.5901165402449152, 0.5818938452877662, 0.5758901325516478, 0.5729689194960367, 0.5739004665390408, 0.5699853240238744, 0.5696290975481281, 0.565071895493351, 0.5651671648018358, 0.5679104831678985, 0.5610223746643198, 0.5573082220164584, 0.5541743452201554, 0.5511517377136631, 0.5494961475539129, 0.5371400781204556, 0.5378784431590992, 0.5281764792918374, 0.5131728498475101, 0.5098829992810671, 0.4857078496927254, 0.5385945032665989, 0.46281394192488157, 0.46942612170994474, 0.43232786836494913, 0.4219169751999219, 0.4501495883808121, 0.43909169496366024, 0.5255392673941901, 0.39762551795897927, 0.42802806497490536, 0.4510911138816801, 0.44848644522696646, 0.47465262286058485, 0.4363129520189017, 0.4130176822855687, 0.36616036774901, 0.3719468155757738, 0.38336066020167053, 0.3545919430702482, 0.5308421051629786, 0.48267233926566205, 0.5261807286299929, 0.48362518016000283, 0.4604687678008787, 0.46627493050385266, 0.5017690335349048, 0.4713986780740755, 0.4691664276884325, 0.38522195800033465, 0.3626690449617358, 0.3143928387904211, 0.29292092235488937, 0.340889853889488, 0.27403866496351637, 0.2670904446485219, 0.22308022348493714, 0.22930235305488958, 0.23344628773003023, 0.20179778502069678, 0.15858887417325676, 0.19398463624653475, 0.12131562222937067, 0.15520218223643545, 0.09053401205590349, 0.0755038624700087, 0.07171324828608246, 0.05969925682146329, 0.027777035266470657]}