{"acc": [0.5316358024691358, 0.5424382716049383, 0.5733024691358025, 0.5524691358024691, 0.5756172839506173, 0.5748456790123457, 0.5887345679012346, 0.5979938271604939, 0.5995370370370371, 0.6234567901234568, 0.5995370370370371, 0.6118827160493827, 0.6165123456790124, 0.6234567901234568, 0.628858024691358, 0.6195987654320988, 0.6404320987654321, 0.6334876543209876, 0.6342592592592593, 0.658179012345679, 0.6651234567901234, 0.6797839506172839, 0.6712962962962963, 0.6674382716049383, 0.6651234567901234, 0.6705246913580247, 0.6597222222222222, 0.6682098765432098, 0.683641975308642, 0.6651234567901234, 0.6759259259259259, 0.6635802469135802, 0.6844135802469136, 0.6929012345679012, 0.6720679012345679, 0.7029320987654321, 0.7160493827160493, 0.7060185185185185, 0.7145061728395061, 0.7006172839506173, 0.7098765432098766, 0.6975308641975309, 0.7160493827160493, 0.7129629629629629, 0.7060185185185185, 0.7260802469135802, 0.7152777777777778, 0.7307098765432098, 0.7283950617283951, 0.7330246913580247, 0.7430555555555556, 0.7507716049382716, 0.7530864197530864, 0.7746913580246914, 0.7546296296296297, 0.7584876543209876, 0.753858024691358, 0.7669753086419753, 0.7654320987654321, 0.7916666666666666, 0.7947530864197531, 0.7955246913580247, 0.7901234567901234, 0.8117283950617284, 0.7947530864197531, 0.8225308641975309, 0.8233024691358025, 0.8233024691358025, 0.8379629629629629, 0.8719135802469136, 0.8518518518518519, 0.8526234567901234, 0.8634259259259259, 0.8503086419753086, 0.8657407407407407, 0.8665123456790124, 0.8572530864197531, 0.8541666666666666, 0.8618827160493827, 0.8533950617283951, 0.8557098765432098, 0.8611111111111112, 0.8649691358024691, 0.8834876543209876, 0.8873456790123457, 0.8973765432098766, 0.8935185185185185, 0.8966049382716049, 0.8966049382716049, 0.9104938271604939, 0.9128086419753086, 0.9166666666666666, 0.9182098765432098, 0.9212962962962963, 0.9220679012345679, 0.9174382716049383, 0.9236111111111112, 0.9228395061728395, 0.9220679012345679, 0.9220679012345679, 0.9228395061728395, 0.9228395061728395, 0.9259259259259259, 0.9236111111111112, 0.9405864197530864, 0.9459876543209876, 0.9375, 0.9398148148148148, 0.9475308641975309, 0.9591049382716049, 0.9783950617283951, 0.9845679012345679, 0.9891975308641975, 0.9899691358024691, 0.9930555555555556, 0.9984567901234568, 0.9969135802469136, 0.9984567901234568, 0.9992283950617284, 1.0], "loss": [0.6918172306484647, 0.6874293523070253, 0.6783979704350601, 0.6744060597302001, 0.6697981225119697, 0.6625999756801275, 0.655505437909821, 0.641268206231388, 0.6250954939995284, 0.6181149497444247, 0.6143007425614345, 0.610459358603866, 0.6127339542647938, 0.6029693226755402, 0.5935471028457453, 0.586030180071607, 0.5800455278820462, 0.5769592155644923, 0.5685632659329308, 0.5542092672836634, 0.5523410207695432, 0.5457240225356302, 0.5447431206703186, 0.5522490842842761, 0.5388075488585012, 0.5425050391091241, 0.5302790476952071, 0.5274017828482168, 0.516285961056933, 0.5094460867069386, 0.499131942236865, 0.49447493347120874, 0.4883428561834641, 0.4880758332617489, 0.48903561227115583, 0.4745297211187857, 0.4689087529241303, 0.46311566417599903, 0.4584392574098375, 0.4528619050979614, 0.45029359798372526, 0.44839207846441387, 0.44948503264674433, 0.44605237392731656, 0.4368341425318777, 0.4382740888330672, 0.4291269712977939, 0.4309162869129652, 0.4290485043584565, 0.42565554196451916, 0.4157445232073466, 0.41897340063695554, 0.4057760470443302, 0.4039495955278844, 0.4024026541062343, 0.3946320712566376, 0.3898273897759708, 0.3834026426444819, 0.37932857613504667, 0.3785107947058148, 0.3706446577001501, 0.3659925166471505, 0.3622235795597971, 0.3536132643988103, 0.35269082218040654, 0.3434893599262944, 0.3363628453678555, 0.33232440293571097, 0.3217940359939764, 0.3104578462647803, 0.3018810778488348, 0.288305495624189, 0.28308312466115126, 0.272874434053162, 0.2620056242118647, 0.26319712584401356, 0.249620368451248, 0.24225250603976073, 0.23273245346399002, 0.22868939424738471, 0.2208037374564159, 0.21957118974791634, 0.21231493501015652, 0.2060702422886719, 0.20637043243573036, 0.2024917333950231, 0.20166462034354976, 0.19427018529838985, 0.20768276905571972, 0.18797795400943285, 0.18208133751227532, 0.1754235781637239, 0.17349051739330645, 0.1687161374239274, 0.17000970685923542, 0.17122955712271326, 0.16208412102711053, 0.15838392814736307, 0.1553015414579415, 0.15376763542493185, 0.14955927026860508, 0.1441214049671903, 0.13925991363731433, 0.13892485974011598, 0.1352548176123772, 0.13047482073307037, 0.12604027581803592, 0.12110098193825027, 0.11780523849122318, 0.11254223666073364, 0.10776292638462266, 0.10154770314693451, 0.09706803714787518, 0.09251602251588563, 0.09154757700952483, 0.08493596113022463, 0.07884328766369525, 0.07477612922221054, 0.0712912262957773, 0.06694726793118465]}