{"acc": [0.5324074074074074, 0.5609567901234568, 0.5763888888888888, 0.5817901234567902, 0.5810185185185185, 0.5702160493827161, 0.5748456790123457, 0.5555555555555556, 0.5841049382716049, 0.6172839506172839, 0.6111111111111112, 0.6111111111111112, 0.591820987654321, 0.6296296296296297, 0.6628086419753086, 0.6975308641975309, 0.691358024691358, 0.6712962962962963, 0.7021604938271605, 0.7345679012345679, 0.7175925925925926, 0.7430555555555556, 0.7299382716049383, 0.7214506172839507, 0.7391975308641975, 0.7021604938271605, 0.7430555555555556, 0.7530864197530864, 0.7199074074074074, 0.7376543209876543, 0.7368827160493827, 0.7731481481481481, 0.7816358024691358, 0.7924382716049383, 0.8140432098765432, 0.8834876543209876, 0.9375, 0.9575617283950617, 0.9737654320987654, 0.9945987654320988, 0.9652777777777778, 0.996141975308642, 1.0], "loss": [0.6932864757599654, 0.6882737587999415, 0.681427421025288, 0.6742150339263456, 0.6681438799441597, 0.6640468036502968, 0.65318475479697, 0.6333645563802601, 0.6138662729918221, 0.5972270290597261, 0.5823981351230616, 0.5672150034411454, 0.545745266072544, 0.5407248774865343, 0.5194747899055343, 0.49242154950345, 0.4759265145827315, 0.484693500365671, 0.44095764581665947, 0.42212722923917073, 0.4142878656419293, 0.4091255531105914, 0.38925498607961434, 0.38880363666096035, 0.37564763589398353, 0.4013980390406271, 0.35527572130610485, 0.3492798928105284, 0.3572741349304618, 0.32735653174052987, 0.3158053302530912, 0.3051319685879589, 0.2938855424121649, 0.278068135295424, 0.29162057772685523, 0.27552629411226837, 0.21726034377801917, 0.20076570821491954, 0.1701100163100358, 0.13520660110387123, 0.16390957877206627, 0.10119133699072898, 0.06707474558656709]}