{"acc": [0.5262345679012346, 0.566358024691358, 0.5733024691358025, 0.5810185185185185, 0.5771604938271605, 0.5794753086419753, 0.5817901234567902, 0.6010802469135802, 0.6118827160493827, 0.6041666666666666, 0.6226851851851852, 0.6280864197530864, 0.6381172839506173, 0.6381172839506173, 0.6604938271604939, 0.6419753086419753, 0.6705246913580247, 0.716820987654321, 0.7245370370370371, 0.7361111111111112, 0.7399691358024691, 0.7469135802469136, 0.7492283950617284, 0.7276234567901234, 0.7484567901234568, 0.7554012345679012, 0.7654320987654321, 0.753858024691358, 0.779320987654321, 0.8117283950617284, 0.8387345679012346, 0.8695987654320988, 0.9012345679012346, 0.9027777777777778, 0.904320987654321, 0.9158950617283951, 0.9158950617283951, 0.9189814814814815, 0.9066358024691358, 0.8302469135802469, 0.9205246913580247, 0.9212962962962963, 0.9189814814814815, 0.9212962962962963, 0.8780864197530864, 0.9290123456790124, 0.9421296296296297, 0.9375, 0.9652777777777778, 0.9807098765432098, 0.9868827160493827, 0.9953703703703703, 0.9907407407407407, 1.0], "loss": [0.6930135180598792, 0.6896265377233057, 0.6826233568106904, 0.6779582752949662, 0.6750258715064438, 0.6674809514280454, 0.6568714982059635, 0.6351395030850889, 0.6208417453777252, 0.6114288154568374, 0.5880068521414445, 0.5786555382698152, 0.5633485680561007, 0.5481739981960451, 0.5253044094185868, 0.5198975604489983, 0.5090703456857362, 0.48010357043425295, 0.47086388267461854, 0.4607317815571431, 0.4527664688769922, 0.4449546752046474, 0.43396456141604567, 0.46828630512441627, 0.4142798666453615, 0.4156031527335034, 0.3971159095822546, 0.40189138780923056, 0.36651495938845136, 0.3538683469594181, 0.3136918530084831, 0.29450318463542874, 0.2484110414519574, 0.23493434318028927, 0.2361962185593789, 0.20059495793271379, 0.19968173577638912, 0.19040909541386414, 0.20261910840071307, 0.34587914944195186, 0.17800211512983494, 0.172440583520652, 0.17733839632359677, 0.1628110072927893, 0.2805926847347464, 0.15821935734170195, 0.16543606222314383, 0.17864135792036367, 0.12036628097175249, 0.10074163240206802, 0.08557153478830533, 0.07279366640171266, 0.0728892217120934, 0.04016551287626889]}