{"acc": [0.5231481481481481, 0.5833333333333334, 0.5694444444444444, 0.5763888888888888, 0.5555555555555556, 0.5578703703703703, 0.5578703703703703, 0.5763888888888888, 0.5763888888888888, 0.5949074074074074, 0.5810185185185185, 0.5532407407407407, 0.5787037037037037, 0.5833333333333334, 0.5787037037037037, 0.5740740740740741, 0.6087962962962963, 0.5810185185185185, 0.6018518518518519, 0.5949074074074074, 0.6064814814814815, 0.6388888888888888, 0.6319444444444444, 0.6365740740740741, 0.6273148148148148, 0.6342592592592593, 0.6319444444444444, 0.5925925925925926, 0.625, 0.5925925925925926, 0.6342592592592593, 0.6180555555555556, 0.6273148148148148, 0.6157407407407407, 0.6435185185185185, 0.6180555555555556, 0.6111111111111112, 0.6875, 0.6597222222222222, 0.6597222222222222, 0.6967592592592593, 0.7129629629629629, 0.7337962962962963, 0.7222222222222222, 0.7384259259259259, 0.7337962962962963, 0.7199074074074074, 0.7407407407407407, 0.7384259259259259, 0.7384259259259259, 0.7407407407407407, 0.7453703703703703, 0.7546296296296297, 0.7430555555555556, 0.7476851851851852, 0.7407407407407407, 0.7546296296296297, 0.7569444444444444, 0.7476851851851852, 0.75, 0.7569444444444444, 0.7592592592592593, 0.7523148148148148, 0.7847222222222222, 0.7777777777777778, 0.7777777777777778, 0.8009259259259259, 0.7824074074074074, 0.7986111111111112, 0.7962962962962963, 0.8055555555555556, 0.8101851851851852, 0.8125, 0.8472222222222222, 0.8634259259259259, 0.8680555555555556, 0.8634259259259259, 0.8587962962962963, 0.8842592592592593, 0.875, 0.875, 0.8819444444444444, 0.8981481481481481, 0.8773148148148148, 0.8888888888888888, 0.8726851851851852, 0.8819444444444444, 0.9074074074074074, 0.8912037037037037, 0.8935185185185185, 0.9004629629629629, 0.9027777777777778, 0.9120370370370371, 0.8912037037037037, 0.9027777777777778, 0.8981481481481481, 0.9097222222222222, 0.9027777777777778, 0.9166666666666666, 0.9074074074074074, 0.9189814814814815, 0.9236111111111112, 0.9259259259259259, 0.9212962962962963, 0.9236111111111112, 0.9236111111111112, 0.9328703703703703, 0.9328703703703703, 0.9375, 0.9143518518518519, 0.9259259259259259, 0.9490740740740741, 0.9467592592592593, 0.9537037037037037, 0.9606481481481481, 0.9467592592592593, 0.9675925925925926, 0.9884259259259259, 0.9837962962962963, 0.9884259259259259, 0.9861111111111112, 0.9768518518518519, 0.9907407407407407, 0.9930555555555556, 0.9976851851851852, 1.0], "loss": [0.6938148659688456, 0.6858696716803091, 0.6831724003509239, 0.6899229442631757, 0.6801701629603351, 0.686391250954734, 0.6816108579988833, 0.6727203163835738, 0.6742850464803202, 0.6726288740281705, 0.6715912852022383, 0.6698940611547894, 0.6535821557044983, 0.6528525286250644, 0.6456528217704208, 0.6497464229663213, 0.6325437321707055, 0.641557397113906, 0.6240342971351411, 0.6121234148740768, 0.6083017824976532, 0.6098025242487589, 0.6031479658903899, 0.5918268611033758, 0.5962826085311396, 0.5867055047441412, 0.5816317476608135, 0.5697695546680026, 0.5629999919070138, 0.5565591393797485, 0.5663625642105385, 0.5510393386637723, 0.5382701787683699, 0.5353104118947629, 0.5283013328357979, 0.5190691970012806, 0.5081910863518715, 0.5141308528405649, 0.5139508059731236, 0.5031490279016672, 0.4776428214929722, 0.47087714614139664, 0.4678763131852503, 0.466721487266046, 0.4568060051511835, 0.45450977208437743, 0.4526908000310262, 0.44908940819678483, 0.45245501895745593, 0.4443769970977748, 0.4397187266084883, 0.4330455059254611, 0.42682165569729275, 0.42431562145551044, 0.42308762338426376, 0.4151347870076144, 0.41540402367159174, 0.4088081941008568, 0.40147824171516633, 0.39537326329284245, 0.3940348807308409, 0.39067723422690676, 0.3944126784249588, 0.37403661467962795, 0.37269961889143344, 0.36125724762678146, 0.3466076875726382, 0.3569369887312253, 0.35449648482931984, 0.3349209193278242, 0.33176826106177437, 0.32862301398482585, 0.3354091204150959, 0.30361573991400226, 0.30303461132226167, 0.29008880595642106, 0.2901544197703953, 0.2804369589796773, 0.268645454198122, 0.2584322707520591, 0.2562690622828625, 0.24485298384118964, 0.23764407689924594, 0.23685493713451755, 0.2292647126165253, 0.2285179999415521, 0.23060238175094128, 0.21169268488194104, 0.2144972814798907, 0.2076166852687796, 0.2046561143533499, 0.20755440834909678, 0.2036481042634006, 0.2059635221268292, 0.19985029567033052, 0.23389408799509206, 0.2053868601926499, 0.1890171775939288, 0.18258537829819102, 0.17914226247618595, 0.17301957274752636, 0.16351495220981263, 0.16216094597001318, 0.15978775028553274, 0.16170370920250812, 0.1553676059573061, 0.15675485135849426, 0.14598429327209791, 0.1449394076803906, 0.17400526953861117, 0.14993527961067027, 0.1353531119896582, 0.132827448486178, 0.12423923152878329, 0.12275833658943022, 0.12281916103394772, 0.110687369804105, 0.10627453097927005, 0.10055634898513004, 0.0932012840812267, 0.09743177031028878, 0.08942557917045499, 0.08795305064672397, 0.08067137074087644, 0.07652074110659736, 0.0638164213548104]}