{"acc": [0.5046296296296297, 0.5462962962962963, 0.5725308641975309, 0.5941358024691358, 0.5810185185185185, 0.6103395061728395, 0.6265432098765432, 0.6350308641975309, 0.6442901234567902, 0.6265432098765432, 0.6442901234567902, 0.6365740740740741, 0.6334876543209876, 0.6574074074074074, 0.6473765432098766, 0.6327160493827161, 0.6435185185185185, 0.6527777777777778, 0.6574074074074074, 0.6658950617283951, 0.6751543209876543, 0.6712962962962963, 0.6682098765432098, 0.6674382716049383, 0.6658950617283951, 0.6651234567901234, 0.6643518518518519, 0.6635802469135802, 0.6589506172839507, 0.6628086419753086, 0.6720679012345679, 0.6751543209876543, 0.6620370370370371, 0.6705246913580247, 0.6797839506172839, 0.7013888888888888, 0.7114197530864198, 0.7438271604938271, 0.7445987654320988, 0.7623456790123457, 0.7476851851851852, 0.7546296296296297, 0.7422839506172839, 0.7415123456790124, 0.7808641975308642, 0.7716049382716049, 0.7870370370370371, 0.7878086419753086, 0.7854938271604939, 0.8094135802469136, 0.8240740740740741, 0.8371913580246914, 0.8464506172839507, 0.8518518518518519, 0.8510802469135802, 0.8634259259259259, 0.8557098765432098, 0.8541666666666666, 0.8742283950617284, 0.8533950617283951, 0.8587962962962963, 0.8549382716049383, 0.8503086419753086, 0.8503086419753086, 0.8526234567901234, 0.8541666666666666, 0.8757716049382716, 0.8549382716049383, 0.8495370370370371, 0.8595679012345679, 0.8634259259259259, 0.8503086419753086, 0.8641975308641975, 0.875, 0.8757716049382716, 0.8881172839506173, 0.8757716049382716, 0.8973765432098766, 0.8904320987654321, 0.9066358024691358, 0.9151234567901234, 0.9027777777777778, 0.9189814814814815, 0.9290123456790124, 0.9305555555555556, 0.8726851851851852, 0.9205246913580247, 0.9320987654320988, 0.9382716049382716, 0.9459876543209876, 0.9552469135802469, 0.9645061728395061, 0.9984567901234568, 0.996141975308642, 1.0], "loss": [0.6939492600935476, 0.6849922191949538, 0.6733951914457628, 0.6515276461471746, 0.6427086290018058, 0.6182861254539018, 0.6081097081855491, 0.5950770499529662, 0.5902744358704414, 0.5795213329939195, 0.5767757226655512, 0.5692009337154436, 0.5608669206684018, 0.5560385489169463, 0.5506333031772096, 0.5513428339251766, 0.538791099080333, 0.5400408351862872, 0.5336516595181123, 0.5331826504365897, 0.5217854660234333, 0.5203026558881925, 0.5143301869616096, 0.5139507136227172, 0.512667127965409, 0.5029263632532991, 0.4982676759914116, 0.4895543029278885, 0.49336884179968893, 0.47997162849814806, 0.47762452562650043, 0.4631584779715832, 0.45845167761967504, 0.46388227005063754, 0.4504414476730205, 0.43568814021569713, 0.42961222374880753, 0.4188053078121609, 0.4075522225948028, 0.40476938677422797, 0.39691004984908634, 0.3862333818350309, 0.37845860605622517, 0.36134348037066283, 0.3520261281066471, 0.34642716819121516, 0.337301657339673, 0.32509971548009803, 0.31832658490281046, 0.3137301380435626, 0.30653075708283317, 0.3003818307209898, 0.2946868229795385, 0.2857266855828556, 0.2878595551958791, 0.29472444510018386, 0.27336303190684613, 0.2664408911893397, 0.26775125855648957, 0.2541703882592696, 0.2461960306506098, 0.2428451393397502, 0.2367825271722711, 0.23279502164618468, 0.2298775798652643, 0.22376856037680012, 0.227732202153147, 0.23668124232395196, 0.21563175320625305, 0.21876398358999946, 0.21093289935846388, 0.21059594823070515, 0.2027825593120522, 0.19947399939467877, 0.19911944617827734, 0.18827251657659624, 0.18971733380982905, 0.18668656906595937, 0.1792977140917454, 0.17573711906134346, 0.17538046340147653, 0.165597339908098, 0.16234730817032633, 0.15281087235996016, 0.14697803108504526, 0.31101711510600133, 0.1729161936421821, 0.14138557430770662, 0.13186316277233906, 0.12146685934729046, 0.11325950626237893, 0.10497124363196852, 0.06586720613923705, 0.056265464374496615, 0.05010787808094864]}