{"acc": [0.5123456790123457, 0.5223765432098766, 0.5563271604938271, 0.5640432098765432, 0.5787037037037037, 0.5841049382716049, 0.5933641975308642, 0.6080246913580247, 0.6141975308641975, 0.6126543209876543, 0.6180555555555556, 0.6103395061728395, 0.6566358024691358, 0.6859567901234568, 0.7091049382716049, 0.6820987654320988, 0.7052469135802469, 0.7006172839506173, 0.7083333333333334, 0.7013888888888888, 0.6975308641975309, 0.6921296296296297, 0.7222222222222222, 0.7106481481481481, 0.7029320987654321, 0.7376543209876543, 0.7476851851851852, 0.7854938271604939, 0.8070987654320988, 0.8580246913580247, 0.8441358024691358, 0.6905864197530864, 0.7029320987654321, 0.6975308641975309, 0.7152777777777778, 0.7229938271604939, 0.6998456790123457, 0.6697530864197531, 0.7145061728395061, 0.7098765432098766, 0.7353395061728395, 0.7399691358024691, 0.716820987654321, 0.7515432098765432, 0.7561728395061729, 0.7183641975308642, 0.6983024691358025, 0.7253086419753086, 0.7260802469135802, 0.7785493827160493, 0.7438271604938271, 0.7962962962962963, 0.8950617283950617, 0.9189814814814815, 0.9429012345679012, 0.9621913580246914, 0.9776234567901234, 0.9938271604938271, 0.9930555555555556, 0.9822530864197531, 0.9922839506172839, 1.0], "loss": [0.6954046405483911, 0.6884037980142935, 0.6829470395581958, 0.6736463601758451, 0.6609418324574277, 0.6396431189352347, 0.6198750266224652, 0.5981218436284473, 0.5859157835548777, 0.5676653147296927, 0.5547102063963978, 0.5371960750372737, 0.5146377551874464, 0.49632638103280946, 0.48166057416515456, 0.4923939448929076, 0.44255932843805884, 0.42844065954064653, 0.4174962513897032, 0.40390675488210215, 0.3826222279809241, 0.3866130114514534, 0.36372359374412805, 0.3664332402530376, 0.3706483034531649, 0.32135112781987857, 0.3104476487905761, 0.30549049998084943, 0.29210930802853974, 0.25519387003782035, 0.3446992052053756, 0.5006494011436385, 0.436826562718888, 0.43194787432628906, 0.41738658609289303, 0.4247788313377316, 0.4661950981930174, 0.4756994159934942, 0.42991790255423, 0.4046939000110213, 0.40600364706760683, 0.3851265384095483, 0.4491762547304096, 0.3815166394434882, 0.379573921544719, 0.47231001472616263, 0.5012755745822541, 0.45460658970977497, 0.4273276761832566, 0.38124553948225115, 0.41622477767216703, 0.38741985785327865, 0.24378825134245533, 0.18563590904987867, 0.12665909196846806, 0.1061480355219358, 0.08964325456172605, 0.05925417261348314, 0.044653060159840954, 0.05906870206322365, 0.03921342514532127, 0.013432902919724588]}