{"acc": [0.5300925925925926, 0.5478395061728395, 0.5686728395061729, 0.5578703703703703, 0.5733024691358025, 0.5794753086419753, 0.5879629629629629, 0.6165123456790124, 0.6018518518518519, 0.6111111111111112, 0.6118827160493827, 0.6882716049382716, 0.6882716049382716, 0.7029320987654321, 0.6682098765432098, 0.6682098765432098, 0.720679012345679, 0.7060185185185185, 0.7276234567901234, 0.7415123456790124, 0.7415123456790124, 0.7484567901234568, 0.7608024691358025, 0.7824074074074074, 0.7731481481481481, 0.8009259259259259, 0.8055555555555556, 0.8302469135802469, 0.8325617283950617, 0.8611111111111112, 0.8912037037037037, 0.9128086419753086, 0.9097222222222222, 0.8935185185185185, 0.9182098765432098, 0.9243827160493827, 0.9251543209876543, 0.9475308641975309, 0.9837962962962963, 0.9876543209876543, 0.9984567901234568, 1.0], "loss": [0.6922286708413818, 0.6859848690621647, 0.678703127083955, 0.6726105032879629, 0.6586534791154626, 0.6329055860822583, 0.6134846059628475, 0.5965377901807244, 0.5858058318679715, 0.5632081006044223, 0.5434747496504843, 0.5196443187233842, 0.5267946830502263, 0.4926122763642558, 0.478815480146879, 0.46940153929186457, 0.446069432951418, 0.4407088973639924, 0.4309113555254392, 0.41437082222582383, 0.39676894560272313, 0.3835624881364681, 0.368785469988246, 0.3547627983591807, 0.3400160774450611, 0.328904271033811, 0.3186501551787426, 0.30708861061268383, 0.305602530270447, 0.28187471687977694, 0.26700230160107213, 0.24731926446964528, 0.2367649340979111, 0.2511660504373319, 0.19696112475530417, 0.1752738807476873, 0.1542085115927168, 0.13115443024830317, 0.10617713498980681, 0.08455595142426497, 0.07000742706090764, 0.060387245452686866]}