{"acc": [0.5216049382716049, 0.5432098765432098, 0.566358024691358, 0.5609567901234568, 0.5787037037037037, 0.5787037037037037, 0.5655864197530864, 0.5833333333333334, 0.6095679012345679, 0.6064814814814815, 0.6319444444444444, 0.6242283950617284, 0.6419753086419753, 0.6759259259259259, 0.6682098765432098, 0.6643518518518519, 0.6535493827160493, 0.7006172839506173, 0.7060185185185185, 0.7222222222222222, 0.7561728395061729, 0.7361111111111112, 0.7770061728395061, 0.8117283950617284, 0.7199074074074074, 0.6589506172839507, 0.654320987654321, 0.6983024691358025, 0.7044753086419753, 0.720679012345679, 0.6959876543209876, 0.6566358024691358, 0.7229938271604939, 0.7700617283950617, 0.7368827160493827, 0.7654320987654321, 0.7098765432098766, 0.7492283950617284, 0.8016975308641975, 0.8464506172839507, 0.720679012345679, 0.779320987654321, 0.7986111111111112, 0.8248456790123457, 0.8549382716049383, 0.8966049382716049, 0.904320987654321, 0.8989197530864198, 0.9128086419753086, 0.9089506172839507, 0.9637345679012346, 0.9861111111111112, 0.9868827160493827, 0.9945987654320988, 0.996141975308642, 0.9984567901234568, 0.9837962962962963, 0.9969135802469136, 0.9861111111111112, 0.9969135802469136, 1.0], "loss": [0.6943551409345718, 0.6865689573740518, 0.6792410774225438, 0.6754604331735108, 0.664152745536908, 0.6472696178724966, 0.6238194364107776, 0.6131492123318502, 0.5992729588464722, 0.5966260952960117, 0.5825291304173659, 0.613696452467874, 0.5591702919497088, 0.5306049823919535, 0.5208787654538353, 0.502868146508347, 0.5188981209049401, 0.4808060630851257, 0.4717155513882207, 0.4377219185897808, 0.3951912185923162, 0.4392612741060011, 0.36780182496279457, 0.3237274142224883, 0.48383704022346674, 0.5079074318936526, 0.52289656837455, 0.48902590500956755, 0.47469907665768774, 0.4569098703630091, 0.4732948293109422, 0.5023296636682724, 0.4250778501964344, 0.38226672524106414, 0.3724610196513788, 0.34967243811689436, 0.43717067540106574, 0.4357987127255002, 0.3727050097068645, 0.3115588134462854, 0.5459463764320729, 0.44853325796964755, 0.4195894418419824, 0.3919476968544993, 0.38006581811984663, 0.2700809023123554, 0.24207049866997798, 0.23863166115925594, 0.1989786835746549, 0.24438446897255087, 0.12792778236408903, 0.0953238953995869, 0.07370167493145227, 0.044476840067997375, 0.03410104878232496, 0.01888039221833145, 0.06540505632600807, 0.0134549429935135, 0.06170504834932443, 0.017378698999269082, 0.005145789054548314]}