{"acc": [0.5324074074074074, 0.5509259259259259, 0.5686728395061729, 0.5763888888888888, 0.5601851851851852, 0.5756172839506173, 0.5717592592592593, 0.5601851851851852, 0.6080246913580247, 0.683641975308642, 0.7029320987654321, 0.6998456790123457, 0.6550925925925926, 0.621141975308642, 0.6188271604938271, 0.621141975308642, 0.6388888888888888, 0.7592592592592593, 0.7029320987654321, 0.7862654320987654, 0.7847222222222222, 0.7199074074074074, 0.816358024691358, 0.8672839506172839, 0.8202160493827161, 0.6720679012345679, 0.6736111111111112, 0.6959876543209876, 0.7114197530864198, 0.6689814814814815, 0.6959876543209876, 0.7407407407407407, 0.7384259259259259, 0.7561728395061729, 0.779320987654321, 0.7962962962962963, 0.8055555555555556, 0.8202160493827161, 0.8395061728395061, 0.8510802469135802, 0.8858024691358025, 0.7785493827160493, 0.8356481481481481, 0.9112654320987654, 0.6967592592592593, 0.7044753086419753, 0.7330246913580247, 0.7399691358024691, 0.7368827160493827, 0.7808641975308642, 0.7646604938271605, 0.8047839506172839, 0.7777777777777778, 0.8024691358024691, 0.779320987654321, 0.7986111111111112, 0.8179012345679012, 0.808641975308642, 0.8063271604938271, 0.8587962962962963, 0.8055555555555556, 0.8094135802469136, 0.8402777777777778, 0.8541666666666666, 0.8580246913580247, 0.8356481481481481, 0.8549382716049383, 0.8672839506172839, 0.8688271604938271, 0.8819444444444444, 0.841820987654321, 0.8804012345679012, 0.8896604938271605, 0.8973765432098766, 0.9066358024691358, 0.9151234567901234, 0.9158950617283951, 0.9266975308641975, 0.941358024691358, 0.9104938271604939, 0.9328703703703703, 0.9313271604938271, 0.9490740740740741, 0.9421296296296297, 0.9591049382716049, 0.9544753086419753, 0.9575617283950617, 0.9729938271604939, 0.966820987654321, 0.9760802469135802, 0.9899691358024691, 0.9822530864197531, 0.9861111111111112, 0.9984567901234568, 0.9868827160493827, 0.9992283950617284, 0.9984567901234568, 0.9699074074074074, 0.9969135802469136, 1.0], "loss": [0.6936774973953028, 0.6860150545950473, 0.6805038369134252, 0.6709644254526974, 0.660861520384105, 0.6384928808605046, 0.6219937145411049, 0.5945385216870402, 0.5585624387363449, 0.5299940302819958, 0.4981191009975938, 0.4765311348244475, 0.5435527074208909, 0.6155656011055768, 0.6136426716677554, 0.6129673222247123, 0.5708452731580643, 0.44098087480081766, 0.4909062868051153, 0.3881044516729349, 0.3424592481437289, 0.48256033654269515, 0.3538128594838366, 0.2824073310794204, 0.33673467607833324, 0.49861538398684113, 0.48366108296808646, 0.48041099191371245, 0.48417133286555003, 0.4895301099745566, 0.4534544507823088, 0.4218547666196508, 0.40898059507749274, 0.398212966523986, 0.38498410618134205, 0.35483614139737324, 0.35137536275316444, 0.32752268292234743, 0.28298968134248303, 0.24958589877371332, 0.1999074700761957, 0.39517826479702856, 0.26553565746723995, 0.17169946743081693, 0.5940955638753027, 0.49714900693370623, 0.48361591789518904, 0.4431488864881806, 0.47232723376144503, 0.4066449339195577, 0.39670854814396567, 0.363988255769736, 0.4048761724435317, 0.37027897264312454, 0.3993904187562732, 0.35529846396923537, 0.3262576871570538, 0.3688560514367916, 0.3632582066203263, 0.2810654156060812, 0.36838704424289875, 0.33526250671895996, 0.2946729739835803, 0.295168347276856, 0.28059246018392686, 0.31424451990355023, 0.2667786382755967, 0.2530401944556428, 0.2469359961739881, 0.24469083601055658, 0.29122246798076634, 0.2360113383434463, 0.19507633444160344, 0.1868407185775434, 0.16979411848499223, 0.16905507197490524, 0.1747092533265402, 0.14273335164866652, 0.11398727309281938, 0.21551960629935138, 0.1926928657280323, 0.16464696722513972, 0.10652330076843224, 0.1331090146194509, 0.08488320756470463, 0.10168759938517208, 0.09127004185477301, 0.08251641454767915, 0.10474171125453578, 0.11666961711673254, 0.05200125630580293, 0.08159063430481316, 0.07437650090859076, 0.023666096058501195, 0.05119211743218667, 0.014460232164909773, 0.01350728551382723, 0.12577228855130237, 0.016239407433837724, 0.0062901296795509435]}