{"acc": [0.5138888888888888, 0.5447530864197531, 0.5578703703703703, 0.558641975308642, 0.5694444444444444, 0.5779320987654321, 0.5941358024691358, 0.628858024691358, 0.6242283950617284, 0.6273148148148148, 0.6296296296296297, 0.6188271604938271, 0.6473765432098766, 0.6219135802469136, 0.628858024691358, 0.6388888888888888, 0.6496913580246914, 0.6442901234567902, 0.6442901234567902, 0.6574074074074074, 0.6427469135802469, 0.6712962962962963, 0.6496913580246914, 0.6558641975308642, 0.6489197530864198, 0.6404320987654321, 0.6473765432098766, 0.6512345679012346, 0.6697530864197531, 0.6589506172839507, 0.6496913580246914, 0.6512345679012346, 0.6658950617283951, 0.654320987654321, 0.6712962962962963, 0.6350308641975309, 0.6666666666666666, 0.6867283950617284, 0.6589506172839507, 0.6813271604938271, 0.7191358024691358, 0.7530864197530864, 0.7561728395061729, 0.7878086419753086, 0.7777777777777778, 0.7908950617283951, 0.7893518518518519, 0.7932098765432098, 0.8047839506172839, 0.7862654320987654, 0.8202160493827161, 0.8063271604938271, 0.8202160493827161, 0.8194444444444444, 0.841820987654321, 0.8287037037037037, 0.845679012345679, 0.8549382716049383, 0.8641975308641975, 0.8649691358024691, 0.8587962962962963, 0.875, 0.8649691358024691, 0.875, 0.8649691358024691, 0.8680555555555556, 0.8935185185185185, 0.8796296296296297, 0.8850308641975309, 0.8904320987654321, 0.9035493827160493, 0.9182098765432098, 0.9205246913580247, 0.9259259259259259, 0.933641975308642, 0.9382716049382716, 0.9490740740740741, 0.9729938271604939, 0.9876543209876543, 0.9953703703703703, 0.9945987654320988, 0.9899691358024691, 1.0], "loss": [0.6917815473344591, 0.6873008483721886, 0.6790746450424194, 0.6720853234514778, 0.6613639195760092, 0.6436804709611116, 0.6289001776848311, 0.6159498397214913, 0.6117843728006622, 0.6089681254492866, 0.6013557484120499, 0.5977072907082829, 0.5903094705240226, 0.5797445163314725, 0.5753870142830743, 0.5657064532056267, 0.5640894800056646, 0.556068714754081, 0.5518441847812983, 0.5564081933763292, 0.5454262193338371, 0.5288083332556265, 0.5273060842796609, 0.5269264461081705, 0.5170951684316, 0.5135495677406405, 0.5077678848195959, 0.5070954274248194, 0.49478587397822626, 0.4892933162642114, 0.482236710227566, 0.4789038190135249, 0.47621614256022887, 0.46465970263069056, 0.4719981536453153, 0.4632382275145731, 0.45184934580767594, 0.44292580529495523, 0.43448323084984297, 0.43381831969743895, 0.42679132208412074, 0.41176738562407317, 0.4037471001530871, 0.39148828350467446, 0.3849044942561491, 0.37210180582823577, 0.35882749564853716, 0.3515383855060295, 0.33962302480214906, 0.3301318449738585, 0.32238637150069815, 0.3156576024161445, 0.3022986223668228, 0.2934520870079229, 0.28321925504707995, 0.2780444382885356, 0.2695923344588574, 0.26179446776707965, 0.25565158584971487, 0.2400021643182378, 0.23270321517814824, 0.23071602281228995, 0.2260157315083492, 0.2122640918802332, 0.2050597757836919, 0.20131324838708947, 0.19949669381718577, 0.18687413099371356, 0.18654542223170953, 0.1756814021939113, 0.17030528132562284, 0.1630616792374187, 0.15657970989927833, 0.1434459020326167, 0.13901861582273317, 0.13149109087240549, 0.1284927158260051, 0.11564866232651251, 0.10850738099327793, 0.10209828477214884, 0.09794656352864371, 0.09510517341119272, 0.08317956625035515]}